vite v8.2.2 building client environment for production...
transforming...
✓ 1199 modules transformed.
rendering chunks...
computing gzip size...
apps/web/dist/index.html                                            0.54 kB │ gzip:   0.32 kB
apps/web/dist/assets/ibm-plex-mono-latin-500-DSY6xOcd.woff2        14.88 kB
apps/web/dist/assets/ibm-plex-mono-latin-600-BgSNZQsw.woff2        15.62 kB
apps/web/dist/assets/dm-serif-display-latin-400-C5_t9oOD.woff2     24.74 kB
apps/web/dist/assets/public-sans-latin-var-DdeTHZLK.woff2          26.83 kB
apps/web/dist/assets/big-shoulders-latin-var-D2Rs5vCJ.woff2        36.52 kB
apps/web/dist/assets/index-DaXG5Q_i.css                            60.50 kB │ gzip:  16.82 kB
apps/web/dist/assets/ss-qa3GSb9a.js                                 0.22 kB │ gzip:   0.21 kB │ map:     0.29 kB
apps/web/dist/assets/tp-Bh0Oc3u8.js                                 0.22 kB │ gzip:   0.21 kB │ map:     0.29 kB
apps/web/dist/assets/gg-BDQGw3JW.js                                 0.22 kB │ gzip:   0.21 kB │ map:     0.29 kB
apps/web/dist/assets/lm-DIkbv3AZ.js                                 0.22 kB │ gzip:   0.21 kB │ map:     0.29 kB
apps/web/dist/assets/rl-Z1ftyF9i.js                                 0.22 kB │ gzip:   0.21 kB │ map:     0.29 kB
apps/web/dist/assets/fg-BeccProa.js                                 0.22 kB │ gzip:   0.21 kB │ map:     0.29 kB
apps/web/dist/assets/jv-Ca2j3jGE.js                                 0.22 kB │ gzip:   0.21 kB │ map:     0.29 kB
apps/web/dist/assets/nn-DnKhypUu.js                                 0.22 kB │ gzip:   0.21 kB │ map:     0.29 kB
apps/web/dist/assets/pc-DbsG_Nun.js                                 0.22 kB │ gzip:   0.21 kB │ map:     0.29 kB
apps/web/dist/assets/tt-DvZDTh5z.js                                 0.22 kB │ gzip:   0.21 kB │ map:     0.29 kB
apps/web/dist/assets/bd-eHwEhmIy.js                                 0.22 kB │ gzip:   0.21 kB │ map:     0.29 kB
apps/web/dist/assets/kt-DfWSeVN-.js                                 0.22 kB │ gzip:   0.21 kB │ map:     0.29 kB
apps/web/dist/assets/po--CZAh-7Mm.js                                0.22 kB │ gzip:   0.22 kB │ map:     0.29 kB
apps/web/dist/assets/tm-CXGx8Je_.js                                 0.22 kB │ gzip:   0.21 kB │ map:     0.29 kB
apps/web/dist/assets/vw-DBEeTxrb.js                                 0.22 kB │ gzip:   0.21 kB │ map:     0.29 kB
apps/web/dist/assets/zz-WGfD0lQ8.js                                 0.22 kB │ gzip:   0.21 kB │ map:     0.29 kB
apps/web/dist/assets/kd-BBwXDcPm.js                                 0.23 kB │ gzip:   0.22 kB │ map:     0.29 kB
apps/web/dist/assets/ln-DaeV3gW5.js                                 0.23 kB │ gzip:   0.21 kB │ map:     0.29 kB
apps/web/dist/assets/r--Cx7QkxB-.js                                 0.23 kB │ gzip:   0.22 kB │ map:     0.29 kB
apps/web/dist/assets/rd-DCPtNIt0.js                                 0.23 kB │ gzip:   0.22 kB │ map:     0.29 kB
apps/web/dist/assets/ck-v6Nmlayt.js                                 0.23 kB │ gzip:   0.22 kB │ map:     0.29 kB
apps/web/dist/assets/fn-C-Osdudf.js                                 0.23 kB │ gzip:   0.21 kB │ map:     0.29 kB
apps/web/dist/assets/hax-DkC9CZ9O.js                                0.23 kB │ gzip:   0.22 kB │ map:     0.29 kB
apps/web/dist/assets/nb-BZIAnM1e.js                                 0.23 kB │ gzip:   0.21 kB │ map:     0.29 kB
apps/web/dist/assets/nr-CwAI3E9A.js                                 0.23 kB │ gzip:   0.22 kB │ map:     0.29 kB
apps/web/dist/assets/sanw-D0KtQqCZ.js                               0.23 kB │ gzip:   0.22 kB │ map:     0.30 kB
apps/web/dist/assets/vz-B8FedCHO.js                                 0.23 kB │ gzip:   0.22 kB │ map:     0.29 kB
apps/web/dist/assets/wj-DDDubp3y.js                                 0.23 kB │ gzip:   0.21 kB │ map:     0.29 kB
apps/web/dist/assets/ws-Crl4UdLO.js                                 0.23 kB │ gzip:   0.21 kB │ map:     0.29 kB
apps/web/dist/assets/ca--B_j0F5Af.js                                0.23 kB │ gzip:   0.22 kB │ map:     0.30 kB
apps/web/dist/assets/dox-LtgKlVVd.js                                0.23 kB │ gzip:   0.21 kB │ map:     0.30 kB
apps/web/dist/assets/gk-BRYP7LM_.js                                 0.23 kB │ gzip:   0.22 kB │ map:     0.30 kB
apps/web/dist/assets/jd-dgMiRrfF.js                                 0.23 kB │ gzip:   0.21 kB │ map:     0.30 kB
apps/web/dist/assets/lq-bHDsRPDA.js                                 0.23 kB │ gzip:   0.22 kB │ map:     0.30 kB
apps/web/dist/assets/sanr-B3s76bPF.js                               0.23 kB │ gzip:   0.21 kB │ map:     0.30 kB
apps/web/dist/assets/sanv-DpyxrY3A.js                               0.23 kB │ gzip:   0.22 kB │ map:     0.30 kB
apps/web/dist/assets/bk-CE8VwvA7.js                                 0.23 kB │ gzip:   0.22 kB │ map:     0.30 kB
apps/web/dist/assets/bt-BhqmjayY.js                                 0.23 kB │ gzip:   0.22 kB │ map:     0.30 kB
apps/web/dist/assets/dop-CDT6Nt3Q.js                                0.23 kB │ gzip:   0.21 kB │ map:     0.30 kB
apps/web/dist/assets/fd-DE5si7no.js                                 0.23 kB │ gzip:   0.22 kB │ map:     0.30 kB
apps/web/dist/assets/fs-DpEr1cZO.js                                 0.23 kB │ gzip:   0.22 kB │ map:     0.30 kB
apps/web/dist/assets/kg-D8wr9GHR.js                                 0.23 kB │ gzip:   0.22 kB │ map:     0.30 kB
apps/web/dist/assets/cd-CRnQVIA9.js                                 0.23 kB │ gzip:   0.22 kB │ map:     0.30 kB
apps/web/dist/assets/db-DYDuhI8B.js                                 0.23 kB │ gzip:   0.22 kB │ map:     0.30 kB
apps/web/dist/assets/h--DLSlmAF7.js                                 0.23 kB │ gzip:   0.22 kB │ map:     0.30 kB
apps/web/dist/assets/nm-DomFhSCm.js                                 0.23 kB │ gzip:   0.22 kB │ map:     0.30 kB
apps/web/dist/assets/viq-rr6YOLgQ.js                                0.23 kB │ gzip:   0.22 kB │ map:     0.30 kB
apps/web/dist/assets/vm-CHeLwZ72.js                                 0.23 kB │ gzip:   0.22 kB │ map:     0.30 kB
apps/web/dist/assets/cht-DNpunjF5.js                                0.23 kB │ gzip:   0.22 kB │ map:     0.30 kB
apps/web/dist/assets/hk-BmIgngh-.js                                 0.23 kB │ gzip:   0.21 kB │ map:     0.30 kB
apps/web/dist/assets/rm-DbF9j8CY.js                                 0.23 kB │ gzip:   0.22 kB │ map:     0.30 kB
apps/web/dist/assets/paq-03Sj2xw5.js                                0.23 kB │ gzip:   0.22 kB │ map:     0.30 kB
apps/web/dist/assets/pox-Bm8llvl3.js                                0.23 kB │ gzip:   0.22 kB │ map:     0.30 kB
apps/web/dist/assets/u-72-259-CQukFdWE.js                           0.23 kB │ gzip:   0.22 kB │ map:     0.31 kB
apps/web/dist/assets/u-67-259-D8iwtT_X.js                           0.23 kB │ gzip:   0.23 kB │ map:     0.31 kB
apps/web/dist/assets/kz-HW7XKrE1.js                                 0.24 kB │ gzip:   0.22 kB │ map:     0.30 kB
apps/web/dist/assets/nw-B39sdgYm.js                                 0.24 kB │ gzip:   0.22 kB │ map:     0.30 kB
apps/web/dist/assets/tg-DMA8lQt4.js                                 0.24 kB │ gzip:   0.22 kB │ map:     0.30 kB
apps/web/dist/assets/tk-Mbe420pd.js                                 0.24 kB │ gzip:   0.22 kB │ map:     0.30 kB
apps/web/dist/assets/u-438-CBdCmJay.js                              0.24 kB │ gzip:   0.24 kB │ map:     0.31 kB
apps/web/dist/assets/u-76-259-D0I2wVfT.js                           0.24 kB │ gzip:   0.23 kB │ map:     0.31 kB
apps/web/dist/assets/fq--_p5ms_i.js                                 0.24 kB │ gzip:   0.23 kB │ map:     0.31 kB
apps/web/dist/assets/doq-DqUUP0tL.js                                0.24 kB │ gzip:   0.22 kB │ map:     0.31 kB
apps/web/dist/assets/fh-DUIFOJEW.js                                 0.24 kB │ gzip:   0.23 kB │ map:     0.31 kB
apps/web/dist/assets/jb-BnB5mzrS.js                                 0.24 kB │ gzip:   0.23 kB │ map:     0.31 kB
apps/web/dist/assets/wz-CHXZyVfy.js                                 0.24 kB │ gzip:   0.23 kB │ map:     0.31 kB
apps/web/dist/assets/cf-i271YmKp.js                                 0.24 kB │ gzip:   0.23 kB │ map:     0.31 kB
apps/web/dist/assets/gq-DzOck763.js                                 0.24 kB │ gzip:   0.23 kB │ map:     0.31 kB
apps/web/dist/assets/u-74-259-G-fwxs9L.js                           0.24 kB │ gzip:   0.23 kB │ map:     0.31 kB
apps/web/dist/assets/u-62-259-30gtkPO_.js                           0.24 kB │ gzip:   0.24 kB │ map:     0.32 kB
apps/web/dist/assets/u-6c-259-OcOJGWbm.js                           0.24 kB │ gzip:   0.24 kB │ map:     0.32 kB
apps/web/dist/assets/u-43f-CPWUtE2L.js                              0.25 kB │ gzip:   0.24 kB │ map:     0.32 kB
apps/web/dist/assets/gc-DFS3t7Ri.js                                 0.25 kB │ gzip:   0.23 kB │ map:     0.32 kB
apps/web/dist/assets/rf-D3FdLQQR.js                                 0.25 kB │ gzip:   0.23 kB │ map:     0.32 kB
apps/web/dist/assets/u-430-DD219hjg.js                              0.25 kB │ gzip:   0.24 kB │ map:     0.32 kB
apps/web/dist/assets/rv-Br1R1oYi.js                                 0.26 kB │ gzip:   0.23 kB │ map:     0.33 kB
apps/web/dist/assets/lc-z2yuDsRQ.js                                 0.26 kB │ gzip:   0.23 kB │ map:     0.33 kB
apps/web/dist/assets/rg-B-GZO5tm.js                                 0.26 kB │ gzip:   0.24 kB │ map:     0.33 kB
apps/web/dist/assets/ds-NdNW1JSo.js                                 0.26 kB │ gzip:   0.24 kB │ map:     0.33 kB
apps/web/dist/assets/gf-BJUjKFql.js                                 0.26 kB │ gzip:   0.24 kB │ map:     0.33 kB
apps/web/dist/assets/pa--DewLBSo6.js                                0.26 kB │ gzip:   0.25 kB │ map:     0.33 kB
apps/web/dist/assets/pw-BYJdhooD.js                                 0.26 kB │ gzip:   0.24 kB │ map:     0.33 kB
apps/web/dist/assets/mf-0dMRF4VY.js                                 0.26 kB │ gzip:   0.24 kB │ map:     0.33 kB
apps/web/dist/assets/mo--BRwhB6su.js                                0.26 kB │ gzip:   0.24 kB │ map:     0.33 kB
apps/web/dist/assets/mop-CRpjJvW2.js                                0.26 kB │ gzip:   0.24 kB │ map:     0.33 kB
apps/web/dist/assets/mq-CpV-o8dy.js                                 0.26 kB │ gzip:   0.24 kB │ map:     0.33 kB
apps/web/dist/assets/sanu-TFgvzNcU.js                               0.26 kB │ gzip:   0.25 kB │ map:     0.34 kB
apps/web/dist/assets/sb-DTjpZzWg.js                                 0.26 kB │ gzip:   0.24 kB │ map:     0.33 kB
apps/web/dist/assets/kax-DWyNIGag.js                                0.26 kB │ gzip:   0.24 kB │ map:     0.33 kB
apps/web/dist/assets/vif-DH5BUoVI.js                                0.26 kB │ gzip:   0.24 kB │ map:     0.33 kB
apps/web/dist/assets/vv-D9ofiXzJ.js                                 0.26 kB │ gzip:   0.23 kB │ map:     0.33 kB
apps/web/dist/assets/bep-BejYNma1.js                                0.27 kB │ gzip:   0.24 kB │ map:     0.34 kB
apps/web/dist/assets/alx-C6MqYDBn.js                                0.27 kB │ gzip:   0.24 kB │ map:     0.34 kB
apps/web/dist/assets/pof-fzVZhDr1.js                                0.27 kB │ gzip:   0.24 kB │ map:     0.34 kB
apps/web/dist/assets/c--Dxq9xvmH.js                                 0.27 kB │ gzip:   0.24 kB │ map:     0.34 kB
apps/web/dist/assets/m--DpGgo-im.js                                 0.27 kB │ gzip:   0.25 kB │ map:     0.34 kB
apps/web/dist/assets/moq-WFD8Tb22.js                                0.27 kB │ gzip:   0.25 kB │ map:     0.34 kB
apps/web/dist/assets/viu-D8ALIdQM.js                                0.27 kB │ gzip:   0.25 kB │ map:     0.34 kB
apps/web/dist/assets/viy-CglNME9d.js                                0.27 kB │ gzip:   0.25 kB │ map:     0.34 kB
apps/web/dist/assets/p--BhzDGyj1.js                                 0.27 kB │ gzip:   0.25 kB │ map:     0.34 kB
apps/web/dist/assets/u-43d-BlhN3Vob.js                              0.27 kB │ gzip:   0.26 kB │ map:     0.34 kB
apps/web/dist/assets/u-441-DeeWUq2B.js                              0.27 kB │ gzip:   0.26 kB │ map:     0.34 kB
apps/web/dist/assets/dd-DPtiK0vr.js                                 0.27 kB │ gzip:   0.25 kB │ map:     0.34 kB
apps/web/dist/assets/jw-CADKM33f.js                                 0.27 kB │ gzip:   0.25 kB │ map:     0.34 kB
apps/web/dist/assets/beq-Blh2zFAC.js                                0.27 kB │ gzip:   0.25 kB │ map:     0.34 kB
apps/web/dist/assets/tq-D-ZbOJys.js                                 0.27 kB │ gzip:   0.25 kB │ map:     0.34 kB
apps/web/dist/assets/chw-Dk1X_wpM.js                                0.27 kB │ gzip:   0.25 kB │ map:     0.34 kB
apps/web/dist/assets/u-73-259-CDiy59CB.js                           0.27 kB │ gzip:   0.26 kB │ map:     0.35 kB
apps/web/dist/assets/kc-Ccj8Hf-H.js                                 0.28 kB │ gzip:   0.25 kB │ map:     0.35 kB
apps/web/dist/assets/poq-DaT54u-V.js                                0.28 kB │ gzip:   0.25 kB │ map:     0.35 kB
apps/web/dist/assets/dc-DyyIIjaM.js                                 0.28 kB │ gzip:   0.25 kB │ map:     0.35 kB
apps/web/dist/assets/u-64-259-Dcw-iCql.js                           0.28 kB │ gzip:   0.26 kB │ map:     0.36 kB
apps/web/dist/assets/ch--F-P3lvxL.js                                0.29 kB │ gzip:   0.25 kB │ map:     0.36 kB
apps/web/dist/assets/u-68-259-BosPw1WM.js                           0.29 kB │ gzip:   0.27 kB │ map:     0.36 kB
apps/web/dist/assets/tn-CQmnDZ07.js                                 0.29 kB │ gzip:   0.27 kB │ map:     0.36 kB
apps/web/dist/assets/lg-Dusj26D1.js                                 0.29 kB │ gzip:   0.26 kB │ map:     0.36 kB
apps/web/dist/assets/mox-DBPOwlqS.js                                0.30 kB │ gzip:   0.26 kB │ map:     0.37 kB
apps/web/dist/assets/rs-hpfXkca8.js                                 0.30 kB │ gzip:   0.25 kB │ map:     0.37 kB
apps/web/dist/assets/hp-DqKyzE_G.js                                 0.30 kB │ gzip:   0.27 kB │ map:     0.37 kB
apps/web/dist/assets/sg-DnBo4_hR.js                                 0.30 kB │ gzip:   0.27 kB │ map:     0.38 kB
apps/web/dist/assets/dof-DFApxCd9.js                                0.30 kB │ gzip:   0.26 kB │ map:     0.38 kB
apps/web/dist/assets/haq-B6YFMCxx.js                                0.31 kB │ gzip:   0.28 kB │ map:     0.38 kB
apps/web/dist/assets/pj-CewxjyLO.js                                 0.31 kB │ gzip:   0.27 kB │ map:     0.38 kB
apps/web/dist/assets/chk-KzzWDvvb.js                                0.31 kB │ gzip:   0.26 kB │ map:     0.38 kB
apps/web/dist/assets/hm-BNW-qwlG.js                                 0.31 kB │ gzip:   0.28 kB │ map:     0.38 kB
apps/web/dist/assets/mof-DlhgtXI-.js                                0.31 kB │ gzip:   0.27 kB │ map:     0.38 kB
apps/web/dist/assets/sane-QQiodyun.js                               0.31 kB │ gzip:   0.28 kB │ map:     0.39 kB
apps/web/dist/assets/sany-DGdhng0I.js                               0.31 kB │ gzip:   0.28 kB │ map:     0.39 kB
apps/web/dist/assets/tb-7A2kKSkQ.js                                 0.31 kB │ gzip:   0.27 kB │ map:     0.38 kB
apps/web/dist/assets/chv-CALUwpfZ.js                                0.31 kB │ gzip:   0.27 kB │ map:     0.39 kB
apps/web/dist/assets/lv-DsS8Htm-.js                                 0.31 kB │ gzip:   0.27 kB │ map:     0.39 kB
apps/web/dist/assets/vc-BBfwmG7C.js                                 0.31 kB │ gzip:   0.28 kB │ map:     0.39 kB
apps/web/dist/assets/bs-DhWDRPPN.js                                 0.31 kB │ gzip:   0.27 kB │ map:     0.39 kB
apps/web/dist/assets/ka--DdZRCrMU.js                                0.31 kB │ gzip:   0.29 kB │ map:     0.39 kB
apps/web/dist/assets/rw-D2fJVnYX.js                                 0.31 kB │ gzip:   0.27 kB │ map:     0.39 kB
apps/web/dist/assets/sanx-L7-R6OUO.js                               0.32 kB │ gzip:   0.27 kB │ map:     0.39 kB
apps/web/dist/assets/iy-CsNrcEc0.js                                 0.32 kB │ gzip:   0.28 kB │ map:     0.39 kB
apps/web/dist/assets/vi--CwGyQGbA.js                                0.32 kB │ gzip:   0.29 kB │ map:     0.39 kB
apps/web/dist/assets/ff-DHsubvbB.js                                 0.33 kB │ gzip:   0.27 kB │ map:     0.40 kB
apps/web/dist/assets/be--PFla11vY.js                                0.33 kB │ gzip:   0.29 kB │ map:     0.40 kB
apps/web/dist/assets/d--CkK1dWzH.js                                 0.33 kB │ gzip:   0.29 kB │ map:     0.40 kB
apps/web/dist/assets/eo-C7pehYGZ.js                                 0.34 kB │ gzip:   0.29 kB │ map:     0.41 kB
apps/web/dist/assets/iu-BQgEznRC.js                                 0.34 kB │ gzip:   0.29 kB │ map:     0.41 kB
apps/web/dist/assets/k--Cu5jNV-a.js                                 0.34 kB │ gzip:   0.29 kB │ map:     0.41 kB
apps/web/dist/assets/v--DvXrrnPO.js                                 0.34 kB │ gzip:   0.30 kB │ map:     0.41 kB
apps/web/dist/assets/bop-DI9VlKs1.js                                0.34 kB │ gzip:   0.28 kB │ map:     0.41 kB
apps/web/dist/assets/deq-N9-03yE1.js                                0.34 kB │ gzip:   0.30 kB │ map:     0.41 kB
apps/web/dist/assets/jy-1tu_w-_c.js                                 0.34 kB │ gzip:   0.28 kB │ map:     0.42 kB
apps/web/dist/assets/caw-8-BPXHsZ.js                                0.35 kB │ gzip:   0.29 kB │ map:     0.42 kB
apps/web/dist/assets/cm-DeaQdXmg.js                                 0.35 kB │ gzip:   0.30 kB │ map:     0.42 kB
apps/web/dist/assets/bew-Ce5rKXmA.js                                0.35 kB │ gzip:   0.29 kB │ map:     0.42 kB
apps/web/dist/assets/rr-CAwkDkLR.js                                 0.35 kB │ gzip:   0.29 kB │ map:     0.43 kB
apps/web/dist/assets/rt-ToQus6kA.js                                 0.35 kB │ gzip:   0.31 kB │ map:     0.43 kB
apps/web/dist/assets/sanb-s-ISZNqI.js                               0.35 kB │ gzip:   0.28 kB │ map:     0.43 kB
apps/web/dist/assets/sanp-ZK5pEjk7.js                               0.35 kB │ gzip:   0.28 kB │ map:     0.43 kB
apps/web/dist/assets/hs-DKyzyXPi.js                                 0.35 kB │ gzip:   0.30 kB │ map:     0.43 kB
apps/web/dist/assets/alr-ClfF4kSS.js                                0.36 kB │ gzip:   0.30 kB │ map:     0.43 kB
apps/web/dist/assets/poa-Cthn5s5s.js                                0.36 kB │ gzip:   0.32 kB │ map:     0.43 kB
apps/web/dist/assets/u-6d-259-CD8dByyX.js                           0.37 kB │ gzip:   0.31 kB │ map:     0.45 kB
apps/web/dist/assets/ba--CWUvMSFU.js                                0.37 kB │ gzip:   0.32 kB │ map:     0.45 kB
apps/web/dist/assets/doz-BwCFNxA6.js                                0.37 kB │ gzip:   0.31 kB │ map:     0.45 kB
apps/web/dist/assets/alq-BtswylT7.js                                0.38 kB │ gzip:   0.32 kB │ map:     0.45 kB
apps/web/dist/assets/sanq-DC7zGeKA.js                               0.38 kB │ gzip:   0.31 kB │ map:     0.46 kB
apps/web/dist/assets/gz-BO7Qz-MG.js                                 0.38 kB │ gzip:   0.32 kB │ map:     0.45 kB
apps/web/dist/assets/sanh-BXpRbrqY.js                               0.38 kB │ gzip:   0.30 kB │ map:     0.46 kB
apps/web/dist/assets/sano-D--lk8ua.js                               0.38 kB │ gzip:   0.32 kB │ map:     0.46 kB
apps/web/dist/assets/alw-Dbk3TBgX.js                                0.38 kB │ gzip:   0.31 kB │ map:     0.46 kB
apps/web/dist/assets/co--DPXbOjS5.js                                0.38 kB │ gzip:   0.32 kB │ map:     0.46 kB
apps/web/dist/assets/iq-SiEYZnuU.js                                 0.38 kB │ gzip:   0.33 kB │ map:     0.46 kB
apps/web/dist/assets/mz-Dl-KyEr5.js                                 0.38 kB │ gzip:   0.32 kB │ map:     0.46 kB
apps/web/dist/assets/nc-BRyXbG9g.js                                 0.38 kB │ gzip:   0.32 kB │ map:     0.46 kB
apps/web/dist/assets/bw-BxaPYSdH.js                                 0.39 kB │ gzip:   0.32 kB │ map:     0.47 kB
apps/web/dist/assets/md-DFzXuIwh.js                                 0.39 kB │ gzip:   0.33 kB │ map:     0.47 kB
apps/web/dist/assets/caq-BW7XyhrK.js                                0.39 kB │ gzip:   0.32 kB │ map:     0.47 kB
apps/web/dist/assets/bef-DBo6_qSw.js                                0.39 kB │ gzip:   0.31 kB │ map:     0.47 kB
apps/web/dist/assets/ht-C9jcC4UE.js                                 0.39 kB │ gzip:   0.32 kB │ map:     0.47 kB
apps/web/dist/assets/9-CudgyPCe.js                                  0.40 kB │ gzip:   0.30 kB │ map:     0.47 kB
apps/web/dist/assets/u-6b-259-NqfVtV1i.js                           0.41 kB │ gzip:   0.33 kB │ map:     0.49 kB
apps/web/dist/assets/mv-DTq1BO3b.js                                 0.41 kB │ gzip:   0.33 kB │ map:     0.49 kB
apps/web/dist/assets/pn-BYJWeNgg.js                                 0.41 kB │ gzip:   0.34 kB │ map:     0.49 kB
apps/web/dist/assets/8-DaX-oIel.js                                  0.41 kB │ gzip:   0.29 kB │ map:     0.48 kB
apps/web/dist/assets/sanl-CqMBIT8N.js                               0.41 kB │ gzip:   0.35 kB │ map:     0.49 kB
apps/web/dist/assets/u-259-BdwEKKov.js                              0.41 kB │ gzip:   0.34 kB │ map:     0.49 kB
apps/web/dist/assets/bo--CyjQWi2v.js                                0.42 kB │ gzip:   0.37 kB │ map:     0.50 kB
apps/web/dist/assets/gs-QewthefU.js                                 0.42 kB │ gzip:   0.34 kB │ map:     0.50 kB
apps/web/dist/assets/vn-DFkYJWmr.js                                 0.42 kB │ gzip:   0.34 kB │ map:     0.50 kB
apps/web/dist/assets/cw-WNMDkh7I.js                                 0.43 kB │ gzip:   0.31 kB │ map:     0.50 kB
apps/web/dist/assets/mg-B0lXa1SD.js                                 0.43 kB │ gzip:   0.35 kB │ map:     0.50 kB
apps/web/dist/assets/n--DVHjppRB.js                                 0.43 kB │ gzip:   0.34 kB │ map:     0.50 kB
apps/web/dist/assets/bn-D8qjLOH9.js                                 0.43 kB │ gzip:   0.34 kB │ map:     0.51 kB
apps/web/dist/assets/rj-CzPC_EAq.js                                 0.43 kB │ gzip:   0.33 kB │ map:     0.51 kB
apps/web/dist/assets/mm-CjlvVZzD.js                                 0.43 kB │ gzip:   0.33 kB │ map:     0.51 kB
apps/web/dist/assets/mk-BWFx-0yF.js                                 0.43 kB │ gzip:   0.34 kB │ map:     0.51 kB
apps/web/dist/assets/coj-CDK8_zlg.js                                0.43 kB │ gzip:   0.36 kB │ map:     0.51 kB
apps/web/dist/assets/doa-BollJtV8.js                                0.44 kB │ gzip:   0.35 kB │ map:     0.51 kB
apps/web/dist/assets/jr-Dll_usYA.js                                 0.44 kB │ gzip:   0.32 kB │ map:     0.52 kB
apps/web/dist/assets/mow-ySInCyKk.js                                0.45 kB │ gzip:   0.36 kB │ map:     0.52 kB
apps/web/dist/assets/gv-n5iiiLnx.js                                 0.45 kB │ gzip:   0.33 kB │ map:     0.52 kB
apps/web/dist/assets/i--Cmv8x9d-.js                                 0.45 kB │ gzip:   0.37 kB │ map:     0.53 kB
apps/web/dist/assets/aln-YUJywUKm.js                                0.45 kB │ gzip:   0.36 kB │ map:     0.53 kB
apps/web/dist/assets/laq-G4olh0Wh.js                                0.45 kB │ gzip:   0.37 kB │ map:     0.53 kB
apps/web/dist/assets/poj-DA8PSysd.js                                0.45 kB │ gzip:   0.35 kB │ map:     0.53 kB
apps/web/dist/assets/chm-CTdUFbpG.js                                0.45 kB │ gzip:   0.35 kB │ map:     0.53 kB
apps/web/dist/assets/lax-Co0lKaC6.js                                0.45 kB │ gzip:   0.36 kB │ map:     0.53 kB
apps/web/dist/assets/sf-EDxpPhQc.js                                 0.46 kB │ gzip:   0.38 kB │ map:     0.53 kB
apps/web/dist/assets/lw-ElG98SHv.js                                 0.46 kB │ gzip:   0.37 kB │ map:     0.54 kB
apps/web/dist/assets/zs-Cg6D98YK.js                                 0.46 kB │ gzip:   0.34 kB │ map:     0.54 kB
apps/web/dist/assets/vs-CnZp0ybn.js                                 0.46 kB │ gzip:   0.34 kB │ map:     0.54 kB
apps/web/dist/assets/sanj-Cb2jd2Vi.js                               0.47 kB │ gzip:   0.34 kB │ map:     0.55 kB
apps/web/dist/assets/nz-DFPtW21K.js                                 0.47 kB │ gzip:   0.37 kB │ map:     0.55 kB
apps/web/dist/assets/doj-DwKW7qDJ.js                                0.47 kB │ gzip:   0.36 kB │ map:     0.55 kB
apps/web/dist/assets/bz-dHQw_csL.js                                 0.47 kB │ gzip:   0.37 kB │ map:     0.55 kB
apps/web/dist/assets/vip-DbhDviSf.js                                0.48 kB │ gzip:   0.37 kB │ map:     0.56 kB
apps/web/dist/assets/sanz-DGPXuB7z.js                               0.48 kB │ gzip:   0.37 kB │ map:     0.56 kB
apps/web/dist/assets/t--BkWFtZYk.js                                 0.48 kB │ gzip:   0.36 kB │ map:     0.56 kB
apps/web/dist/assets/dej-bI5wcIA3.js                                0.49 kB │ gzip:   0.37 kB │ map:     0.57 kB
apps/web/dist/assets/doy-C3tVjyN9.js                                0.50 kB │ gzip:   0.37 kB │ map:     0.58 kB
apps/web/dist/assets/doe-R_7N-Ufb.js                                0.50 kB │ gzip:   0.38 kB │ map:     0.58 kB
apps/web/dist/assets/ft-CL16O5yK.js                                 0.50 kB │ gzip:   0.38 kB │ map:     0.58 kB
apps/web/dist/assets/kj-Su89KY4V.js                                 0.51 kB │ gzip:   0.38 kB │ map:     0.59 kB
apps/web/dist/assets/hao-D94De7SY.js                                0.51 kB │ gzip:   0.40 kB │ map:     0.59 kB
apps/web/dist/assets/7-Bf5KNVx8.js                                  0.52 kB │ gzip:   0.35 kB │ map:     0.60 kB
apps/web/dist/assets/bap-BWtzirPI.js                                0.52 kB │ gzip:   0.40 kB │ map:     0.61 kB
apps/web/dist/assets/oq-Bn8tc2r7.js                                 0.53 kB │ gzip:   0.39 kB │ map:     0.61 kB
apps/web/dist/assets/ha--CmZLLNCp.js                                0.53 kB │ gzip:   0.42 kB │ map:     0.61 kB
apps/web/dist/assets/dl-LBNRt26n.js                                 0.53 kB │ gzip:   0.40 kB │ map:     0.61 kB
apps/web/dist/assets/hw-BisFVpn3.js                                 0.53 kB │ gzip:   0.39 kB │ map:     0.62 kB
apps/web/dist/assets/dek-DPyhZ8nB.js                                0.53 kB │ gzip:   0.42 kB │ map:     0.62 kB
apps/web/dist/assets/kae-Dz8eVJ9G.js                                0.54 kB │ gzip:   0.41 kB │ map:     0.62 kB
apps/web/dist/assets/tc-BSOOJRed.js                                 0.55 kB │ gzip:   0.41 kB │ map:     0.63 kB
apps/web/dist/assets/kp-DpTvfdOA.js                                 0.55 kB │ gzip:   0.40 kB │ map:     0.63 kB
apps/web/dist/assets/cv-CvmMLe-e.js                                 0.55 kB │ gzip:   0.39 kB │ map:     0.63 kB
apps/web/dist/assets/vih-BKJkqFWE.js                                0.55 kB │ gzip:   0.41 kB │ map:     0.64 kB
apps/web/dist/assets/5-ChkbZvoa.js                                  0.55 kB │ gzip:   0.37 kB │ map:     0.63 kB
apps/web/dist/assets/sanm-DPF9PDfi.js                               0.55 kB │ gzip:   0.40 kB │ map:     0.64 kB
apps/web/dist/assets/sanf-Dp2c7AJX.js                               0.55 kB │ gzip:   0.39 kB │ map:     0.64 kB
apps/web/dist/assets/coz-DpwgSDyz.js                                0.56 kB │ gzip:   0.42 kB │ map:     0.64 kB
apps/web/dist/assets/cax-DAcKQxXI.js                                0.56 kB │ gzip:   0.42 kB │ map:     0.65 kB
apps/web/dist/assets/ma--BaTG2a-f.js                                0.56 kB │ gzip:   0.42 kB │ map:     0.65 kB
apps/web/dist/assets/poe-BLZoHZG8.js                                0.57 kB │ gzip:   0.44 kB │ map:     0.65 kB
apps/web/dist/assets/dex-B3lVBmZ4.js                                0.57 kB │ gzip:   0.37 kB │ map:     0.66 kB
apps/web/dist/assets/dey-CVLLX8Dr.js                                0.57 kB │ gzip:   0.42 kB │ map:     0.66 kB
apps/web/dist/assets/maq-BI8-RYht.js                                0.57 kB │ gzip:   0.44 kB │ map:     0.66 kB
apps/web/dist/assets/bex-DuP7o4jN.js                                0.58 kB │ gzip:   0.40 kB │ map:     0.66 kB
apps/web/dist/assets/dm-_Ljxzh1x.js                                 0.58 kB │ gzip:   0.40 kB │ map:     0.66 kB
apps/web/dist/assets/do--DojRNpy7.js                                0.58 kB │ gzip:   0.43 kB │ map:     0.67 kB
apps/web/dist/assets/kao-BANJBoW6.js                                0.58 kB │ gzip:   0.43 kB │ map:     0.67 kB
apps/web/dist/assets/alj-1E_nREei.js                                0.58 kB │ gzip:   0.41 kB │ map:     0.67 kB
apps/web/dist/assets/cb-DDjb2Qnv.js                                 0.59 kB │ gzip:   0.40 kB │ map:     0.67 kB
apps/web/dist/assets/beo-BwN31X4_.js                                0.59 kB │ gzip:   0.44 kB │ map:     0.68 kB
apps/web/dist/assets/bae-D3We4DyG.js                                0.59 kB │ gzip:   0.45 kB │ map:     0.68 kB
apps/web/dist/assets/bof-C8Me3sOS.js                                0.60 kB │ gzip:   0.43 kB │ map:     0.69 kB
apps/web/dist/assets/hae-C4cT5JI5.js                                0.60 kB │ gzip:   0.45 kB │ map:     0.69 kB
apps/web/dist/assets/sani-Cc5X7Qpv.js                               0.60 kB │ gzip:   0.43 kB │ map:     0.69 kB
apps/web/dist/assets/doh-DeLsMsVm.js                                0.60 kB │ gzip:   0.44 kB │ map:     0.69 kB
apps/web/dist/assets/sa--C3KuQSaM.js                                0.61 kB │ gzip:   0.46 kB │ map:     0.70 kB
apps/web/dist/assets/alk-AfM6X6vI.js                                0.61 kB │ gzip:   0.42 kB │ map:     0.70 kB
apps/web/dist/assets/4-Dqm3KP_U.js                                  0.62 kB │ gzip:   0.40 kB │ map:     0.70 kB
apps/web/dist/assets/cox-DQoO0S8a.js                                0.62 kB │ gzip:   0.46 kB │ map:     0.71 kB
apps/web/dist/assets/dn-KOuPtKPA.js                                 0.62 kB │ gzip:   0.43 kB │ map:     0.71 kB
apps/web/dist/assets/paa-BLmZuK6M.js                                0.62 kB │ gzip:   0.46 kB │ map:     0.71 kB
apps/web/dist/assets/ns-LLWNfhfg.js                                 0.62 kB │ gzip:   0.44 kB │ map:     0.71 kB
apps/web/dist/assets/caa-5EB2T9nv.js                                0.63 kB │ gzip:   0.46 kB │ map:     0.71 kB
apps/web/dist/assets/hn-DCPv7qtw.js                                 0.63 kB │ gzip:   0.46 kB │ map:     0.72 kB
apps/web/dist/assets/boq-Kxna_pKq.js                                0.64 kB │ gzip:   0.45 kB │ map:     0.72 kB
apps/web/dist/assets/kaj-D7LBCmGY.js                                0.65 kB │ gzip:   0.47 kB │ map:     0.74 kB
apps/web/dist/assets/caf-CTfZpjel.js                                0.65 kB │ gzip:   0.45 kB │ map:     0.74 kB
apps/web/dist/assets/fy-C3kQEQsj.js                                 0.65 kB │ gzip:   0.48 kB │ map:     0.74 kB
apps/web/dist/assets/gd-SzNW6E8a.js                                 0.66 kB │ gzip:   0.46 kB │ map:     0.74 kB
apps/web/dist/assets/bax-YoDKPqhL.js                                0.66 kB │ gzip:   0.44 kB │ map:     0.75 kB
apps/web/dist/assets/cok-4T1FSF7P.js                                0.66 kB │ gzip:   0.46 kB │ map:     0.75 kB
apps/web/dist/assets/wl-o8qpoUib.js                                 0.66 kB │ gzip:   0.45 kB │ map:     0.75 kB
apps/web/dist/assets/aly-BFONzY7p.js                                0.67 kB │ gzip:   0.47 kB │ map:     0.76 kB
apps/web/dist/assets/pax-CVqv_8QD.js                                0.67 kB │ gzip:   0.46 kB │ map:     0.76 kB
apps/web/dist/assets/mj-_YKIMgwt.js                                 0.67 kB │ gzip:   0.46 kB │ map:     0.76 kB
apps/web/dist/assets/coh-9GgWRO9H.js                                0.68 kB │ gzip:   0.48 kB │ map:     0.77 kB
apps/web/dist/assets/cah-COWNTVmQ.js                                0.68 kB │ gzip:   0.47 kB │ map:     0.77 kB
apps/web/dist/assets/vim-CY1jC8tZ.js                                0.68 kB │ gzip:   0.49 kB │ map:     0.77 kB
apps/web/dist/assets/lae-B3Os5cyN.js                                0.69 kB │ gzip:   0.49 kB │ map:     0.78 kB
apps/web/dist/assets/nh-Ddmt0GsG.js                                 0.70 kB │ gzip:   0.52 kB │ map:     0.79 kB
apps/web/dist/assets/dot-D2NAEaSc.js                                0.70 kB │ gzip:   0.50 kB │ map:     0.79 kB
apps/web/dist/assets/sax-1ttN8_bY.js                                0.70 kB │ gzip:   0.48 kB │ map:     0.79 kB
apps/web/dist/assets/eq-DSHPwkM2.js                                 0.71 kB │ gzip:   0.51 kB │ map:     0.80 kB
apps/web/dist/assets/sd-CwwjeN-v.js                                 0.71 kB │ gzip:   0.49 kB │ map:     0.80 kB
apps/web/dist/assets/cof-BAsAPIGW.js                                0.72 kB │ gzip:   0.51 kB │ map:     0.81 kB
apps/web/dist/assets/sans-DOxmOC-k.js                               0.72 kB │ gzip:   0.52 kB │ map:     0.82 kB
apps/web/dist/assets/dok-ByJ-Gbp-.js                                0.72 kB │ gzip:   0.51 kB │ map:     0.82 kB
apps/web/dist/assets/mao-Cn_pzP7k.js                                0.72 kB │ gzip:   0.53 kB │ map:     0.82 kB
apps/web/dist/assets/vt-DTsX96By.js                                 0.73 kB │ gzip:   0.50 kB │ map:     0.82 kB
apps/web/dist/assets/hah-CssAHYT2.js                                0.73 kB │ gzip:   0.52 kB │ map:     0.82 kB
apps/web/dist/assets/sae-Dh5lgkHZ.js                                0.73 kB │ gzip:   0.53 kB │ map:     0.82 kB
apps/web/dist/assets/chl-DZuJnPKW.js                                0.73 kB │ gzip:   0.53 kB │ map:     0.82 kB
apps/web/dist/assets/vio-Dy76k1pF.js                                0.73 kB │ gzip:   0.49 kB │ map:     0.83 kB
apps/web/dist/assets/beb-CC95u-td.js                                0.74 kB │ gzip:   0.53 kB │ map:     0.83 kB
apps/web/dist/assets/baq-CAGirI3E.js                                0.75 kB │ gzip:   0.54 kB │ map:     0.84 kB
apps/web/dist/assets/dez-TqHDbpIi.js                                0.76 kB │ gzip:   0.55 kB │ map:     0.85 kB
apps/web/dist/assets/cao-CTD_Bl-9.js                                0.76 kB │ gzip:   0.53 kB │ map:     0.85 kB
apps/web/dist/assets/saq-BHpIST0Q.js                                0.76 kB │ gzip:   0.55 kB │ map:     0.85 kB
apps/web/dist/assets/vij-B0vufoWH.js                                0.76 kB │ gzip:   0.51 kB │ map:     0.85 kB
apps/web/dist/assets/pae-Ce_-0F6q.js                                0.76 kB │ gzip:   0.55 kB │ map:     0.86 kB
apps/web/dist/assets/tj-DIfIwxzJ.js                                 0.77 kB │ gzip:   0.54 kB │ map:     0.87 kB
apps/web/dist/assets/tz-DIL-rU6A.js                                 0.78 kB │ gzip:   0.55 kB │ map:     0.87 kB
apps/web/dist/assets/6-4lAj3PHF.js                                  0.78 kB │ gzip:   0.48 kB │ map:     0.87 kB
apps/web/dist/assets/box-hdGVxxap.js                                0.78 kB │ gzip:   0.50 kB │ map:     0.88 kB
apps/web/dist/assets/def-BV36xPJY.js                                0.79 kB │ gzip:   0.53 kB │ map:     0.88 kB
apps/web/dist/assets/eh-BLIkqEeR.js                                 0.79 kB │ gzip:   0.52 kB │ map:     0.88 kB
apps/web/dist/assets/mob-DG9jf3mB.js                                0.79 kB │ gzip:   0.53 kB │ map:     0.88 kB
apps/web/dist/assets/alz-Dvd9kaU8.js                                0.79 kB │ gzip:   0.52 kB │ map:     0.89 kB
apps/web/dist/assets/ms-BeoIkhb4.js                                 0.79 kB │ gzip:   0.55 kB │ map:     0.89 kB
apps/web/dist/assets/coi-DkJTWxbZ.js                                0.80 kB │ gzip:   0.58 kB │ map:     0.90 kB
apps/web/dist/assets/baw-Zv_Da1Py.js                                0.81 kB │ gzip:   0.54 kB │ map:     0.90 kB
apps/web/dist/assets/mh-CHjNm-0p.js                                 0.81 kB │ gzip:   0.55 kB │ map:     0.90 kB
apps/web/dist/assets/mn-D66234cc.js                                 0.81 kB │ gzip:   0.56 kB │ map:     0.90 kB
apps/web/dist/assets/hak-kIcU4TuL.js                                0.81 kB │ gzip:   0.55 kB │ map:     0.91 kB
apps/web/dist/assets/nt-jVprHiWH.js                                 0.81 kB │ gzip:   0.54 kB │ map:     0.91 kB
apps/web/dist/assets/coy-DkKVrYvM.js                                0.81 kB │ gzip:   0.55 kB │ map:     0.91 kB
apps/web/dist/assets/poo-DEYAmK_9.js                                0.81 kB │ gzip:   0.54 kB │ map:     0.91 kB
apps/web/dist/assets/ie-CLftSNwT.js                                 0.82 kB │ gzip:   0.57 kB │ map:     0.91 kB
apps/web/dist/assets/mov-Ch-2vy7E.js                                0.82 kB │ gzip:   0.56 kB │ map:     0.92 kB
apps/web/dist/assets/coq-mhpX9F1c.js                                0.83 kB │ gzip:   0.54 kB │ map:     0.92 kB
apps/web/dist/assets/bej-PFqb3rZq.js                                0.84 kB │ gzip:   0.59 kB │ map:     0.93 kB
apps/web/dist/assets/if-CzVero6S.js                                 0.84 kB │ gzip:   0.57 kB │ map:     0.94 kB
apps/web/dist/assets/vib-CC6EYfpf.js                                0.84 kB │ gzip:   0.57 kB │ map:     0.94 kB
apps/web/dist/assets/ew-B74894QU.js                                 0.84 kB │ gzip:   0.56 kB │ map:     0.94 kB
apps/web/dist/assets/poy-BAl1jLnn.js                                0.85 kB │ gzip:   0.60 kB │ map:     0.95 kB
apps/web/dist/assets/paj-CwN8d9Nt.js                                0.85 kB │ gzip:   0.58 kB │ map:     0.95 kB
apps/web/dist/assets/gj-gtzErnoA.js                                 0.86 kB │ gzip:   0.58 kB │ map:     0.96 kB
apps/web/dist/assets/zm-CgCiNJeU.js                                 0.86 kB │ gzip:   0.58 kB │ map:     0.95 kB
apps/web/dist/assets/chy-0b-FXDGn.js                                0.86 kB │ gzip:   0.58 kB │ map:     0.96 kB
apps/web/dist/assets/fj-CIKZgolK.js                                 0.86 kB │ gzip:   0.56 kB │ map:     0.96 kB
apps/web/dist/assets/3-DWew2BAq.js                                  0.86 kB │ gzip:   0.51 kB │ map:     0.96 kB
apps/web/dist/assets/lao-DusPOEoZ.js                                0.86 kB │ gzip:   0.60 kB │ map:     0.96 kB
apps/web/dist/assets/baf-B9K7BUiT.js                                0.88 kB │ gzip:   0.57 kB │ map:     0.98 kB
apps/web/dist/assets/mp-7bB9zrh5.js                                 0.88 kB │ gzip:   0.59 kB │ map:     0.98 kB
apps/web/dist/assets/zn-BswQFVnY.js                                 0.88 kB │ gzip:   0.56 kB │ map:     0.98 kB
apps/web/dist/assets/mw-Dw7TvVf1.js                                 0.88 kB │ gzip:   0.57 kB │ map:     0.98 kB
apps/web/dist/assets/pt-Bbfjg56D.js                                 0.88 kB │ gzip:   0.59 kB │ map:     0.98 kB
apps/web/dist/assets/maf-BvuyqzFf.js                                0.89 kB │ gzip:   0.59 kB │ map:     0.99 kB
apps/web/dist/assets/cae-BHOspt5q.js                                0.91 kB │ gzip:   0.57 kB │ map:     1.01 kB
apps/web/dist/assets/cak-DJvjEiZD.js                                0.92 kB │ gzip:   0.59 kB │ map:     1.02 kB
apps/web/dist/assets/gb-DRW9j97C.js                                 0.92 kB │ gzip:   0.59 kB │ map:     1.02 kB
apps/web/dist/assets/a--D9JIIO2_.js                                 0.92 kB │ gzip:   0.62 kB │ map:     1.02 kB
apps/web/dist/assets/tv-B62C_VCV.js                                 0.93 kB │ gzip:   0.61 kB │ map:     1.04 kB
apps/web/dist/assets/o--k6_AjSoR.js                                 0.94 kB │ gzip:   0.65 kB │ map:     1.04 kB
apps/web/dist/assets/mav-CIZH-DRs.js                                0.95 kB │ gzip:   0.62 kB │ map:     1.05 kB
apps/web/dist/assets/lh-RWks846F.js                                 0.95 kB │ gzip:   0.62 kB │ map:     1.06 kB
apps/web/dist/assets/bem-1gWn-5KH.js                                0.97 kB │ gzip:   0.63 kB │ map:     1.07 kB
apps/web/dist/assets/saj-L_4LbEON.js                                0.97 kB │ gzip:   0.62 kB │ map:     1.07 kB
apps/web/dist/assets/dw-B8-nP8eM.js                                 0.97 kB │ gzip:   0.66 kB │ map:     1.08 kB
apps/web/dist/assets/s--BK4lT9JQ.js                                 0.97 kB │ gzip:   0.57 kB │ map:     1.07 kB
apps/web/dist/assets/bao-HT7z9_bx.js                                0.98 kB │ gzip:   0.63 kB │ map:     1.09 kB
apps/web/dist/assets/zr-uAmpTnwr.js                                 0.99 kB │ gzip:   0.64 kB │ map:     1.09 kB
apps/web/dist/assets/viz-CMgVRoXg.js                                0.99 kB │ gzip:   0.68 kB │ map:     1.10 kB
apps/web/dist/assets/deo-CRLytoGk.js                                0.99 kB │ gzip:   0.62 kB │ map:     1.10 kB
apps/web/dist/assets/dew-D27PKN72.js                                1.00 kB │ gzip:   0.64 kB │ map:     1.11 kB
apps/web/dist/assets/iw-CAXxrRaX.js                                 1.01 kB │ gzip:   0.63 kB │ map:     1.12 kB
apps/web/dist/assets/saz-D48yXy4f.js                                1.01 kB │ gzip:   0.64 kB │ map:     1.11 kB
apps/web/dist/assets/moe-D9X4hz7n.js                                1.01 kB │ gzip:   0.66 kB │ map:     1.12 kB
apps/web/dist/assets/ej-BAlms5nm.js                                 1.02 kB │ gzip:   0.68 kB │ map:     1.12 kB
apps/web/dist/assets/doi-zJkQaAtM.js                                1.02 kB │ gzip:   0.68 kB │ map:     1.12 kB
apps/web/dist/assets/sj-CzcDon-d.js                                 1.02 kB │ gzip:   0.64 kB │ map:     1.13 kB
apps/web/dist/assets/zy-Brsp5jaR.js                                 1.02 kB │ gzip:   0.70 kB │ map:     1.13 kB
apps/web/dist/assets/viv-DpvZj9DB.js                                1.03 kB │ gzip:   0.65 kB │ map:     1.14 kB
apps/web/dist/assets/dod-DYNZr-8v.js                                1.05 kB │ gzip:   0.66 kB │ map:     1.16 kB
apps/web/dist/assets/boe-BgbnVbXB.js                                1.06 kB │ gzip:   0.69 kB │ map:     1.17 kB
apps/web/dist/assets/baa-B5rj7XTY.js                                1.07 kB │ gzip:   0.65 kB │ map:     1.18 kB
apps/web/dist/assets/alh-l84fWlOp.js                                1.07 kB │ gzip:   0.65 kB │ map:     1.18 kB
apps/web/dist/assets/mae-DO0fEav8.js                                1.07 kB │ gzip:   0.71 kB │ map:     1.18 kB
apps/web/dist/assets/ax-D9xm_E8U.js                                 1.08 kB │ gzip:   0.70 kB │ map:     1.19 kB
apps/web/dist/assets/kaa-B6Em30gA.js                                1.08 kB │ gzip:   0.71 kB │ map:     1.19 kB
apps/web/dist/assets/nk-CfoiA6gc.js                                 1.11 kB │ gzip:   0.72 kB │ map:     1.23 kB
apps/web/dist/assets/kag-BMW5Eajd.js                                1.12 kB │ gzip:   0.74 kB │ map:     1.23 kB
apps/web/dist/assets/nj-CZF7hOuH.js                                 1.13 kB │ gzip:   0.74 kB │ map:     1.24 kB
apps/web/dist/assets/bav-C7aJW9WL.js                                1.13 kB │ gzip:   0.72 kB │ map:     1.25 kB
apps/web/dist/assets/dep-CNOYTOUI.js                                1.15 kB │ gzip:   0.72 kB │ map:     1.27 kB
apps/web/dist/assets/haf-DXSvcs0t.js                                1.16 kB │ gzip:   0.78 kB │ map:     1.27 kB
apps/web/dist/assets/kac-iXxVYx7c.js                                1.16 kB │ gzip:   0.77 kB │ map:     1.32 kB
apps/web/dist/assets/ks-BXE3d7yD.js                                 1.16 kB │ gzip:   0.75 kB │ map:     1.27 kB
apps/web/dist/assets/hv-CniRFa2b.js                                 1.17 kB │ gzip:   0.75 kB │ map:     1.28 kB
apps/web/dist/assets/moa-pc4hy571.js                                1.17 kB │ gzip:   0.79 kB │ map:     1.33 kB
apps/web/dist/assets/mom-D0XKo5Ya.js                                1.18 kB │ gzip:   0.79 kB │ map:     1.33 kB
apps/web/dist/assets/moj-CUcpDBMc.js                                1.18 kB │ gzip:   0.79 kB │ map:     1.29 kB
apps/web/dist/assets/coe-DbrLs2e6.js                                1.18 kB │ gzip:   0.77 kB │ map:     1.29 kB
apps/web/dist/assets/pah-B-UDr15d.js                                1.18 kB │ gzip:   0.80 kB │ map:     1.34 kB
apps/web/dist/assets/boj-DoB8Vs9L.js                                1.18 kB │ gzip:   0.75 kB │ map:     1.34 kB
apps/web/dist/assets/hj-DfFZfy80.js                                 1.18 kB │ gzip:   0.72 kB │ map:     1.34 kB
apps/web/dist/assets/moy-ccULCDhW.js                                1.19 kB │ gzip:   0.73 kB │ map:     1.30 kB
apps/web/dist/assets/hap-CLO_soag.js                                1.19 kB │ gzip:   0.72 kB │ map:     1.31 kB
apps/web/dist/assets/doo-CtjcY7IP.js                                1.19 kB │ gzip:   0.74 kB │ map:     1.35 kB
apps/web/dist/assets/caj-DbpaU3Ht.js                                1.20 kB │ gzip:   0.78 kB │ map:     1.36 kB
apps/web/dist/assets/maw-CLVaaycx.js                                1.20 kB │ gzip:   0.75 kB │ map:     1.32 kB
apps/web/dist/assets/2-CG9niOc4.js                                  1.21 kB │ gzip:   0.73 kB │ map:     1.31 kB
apps/web/dist/assets/det-H6M0IwL5.js                                1.21 kB │ gzip:   0.75 kB │ map:     1.37 kB
apps/web/dist/assets/rz-DGbG1WB-.js                                 1.22 kB │ gzip:   0.75 kB │ map:     1.38 kB
apps/web/dist/assets/cod-DDOuyZFD.js                                1.23 kB │ gzip:   0.79 kB │ map:     1.34 kB
apps/web/dist/assets/nd-D00NTtwp.js                                 1.24 kB │ gzip:   0.85 kB │ map:     1.41 kB
apps/web/dist/assets/max-oXZxU9yO.js                                1.25 kB │ gzip:   0.80 kB │ map:     1.41 kB
apps/web/dist/assets/vii-7lJAb-xE.js                                1.25 kB │ gzip:   0.77 kB │ map:     1.41 kB
apps/web/dist/assets/bov-DqUJ9MYV.js                                1.26 kB │ gzip:   0.80 kB │ map:     1.43 kB
apps/web/dist/assets/cow-Dn0cd4mT.js                                1.26 kB │ gzip:   0.76 kB │ map:     1.43 kB
apps/web/dist/assets/zb-DiIciXki.js                                 1.27 kB │ gzip:   0.78 kB │ map:     1.45 kB
apps/web/dist/assets/cog-CTZRIxES.js                                1.28 kB │ gzip:   0.82 kB │ map:     1.44 kB
apps/web/dist/assets/pov-q8oEA3RC.js                                1.28 kB │ gzip:   0.83 kB │ map:     1.44 kB
apps/web/dist/assets/laa-MXb6o69Q.js                                1.28 kB │ gzip:   0.82 kB │ map:     1.45 kB
apps/web/dist/assets/ih-DAOoaq8Q.js                                 1.30 kB │ gzip:   0.87 kB │ map:     1.46 kB
apps/web/dist/assets/0-CyZQjGG-.js                                  1.30 kB │ gzip:   0.64 kB │ map:     1.47 kB
apps/web/dist/assets/beh-DHeUoytU.js                                1.31 kB │ gzip:   0.85 kB │ map:     1.48 kB
apps/web/dist/assets/caz-D3zDhcot.js                                1.31 kB │ gzip:   0.84 kB │ map:     1.47 kB
apps/web/dist/assets/ij-B4kEjDKE.js                                 1.32 kB │ gzip:   0.81 kB │ map:     1.49 kB
apps/web/dist/assets/deu-BJ0pbbzK.js                                1.33 kB │ gzip:   0.84 kB │ map:     1.49 kB
apps/web/dist/assets/gn-CKG6y4x-.js                                 1.33 kB │ gzip:   0.84 kB │ map:     1.50 kB
apps/web/dist/assets/ps-DPUaqYjN.js                                 1.35 kB │ gzip:   0.86 kB │ map:     1.53 kB
apps/web/dist/assets/ao-cm2jKlfS.js                                 1.35 kB │ gzip:   0.89 kB │ map:     1.53 kB
apps/web/dist/assets/ee-CAt8g94S.js                                 1.36 kB │ gzip:   0.83 kB │ map:     1.54 kB
apps/web/dist/assets/pao-BoFARIb1.js                                1.37 kB │ gzip:   0.87 kB │ map:     1.54 kB
apps/web/dist/assets/paw-CRRLZIcJ.js                                1.39 kB │ gzip:   0.86 kB │ map:     1.56 kB
apps/web/dist/assets/ae-Cjvbk-zR.js                                 1.39 kB │ gzip:   0.93 kB │ map:     1.57 kB
apps/web/dist/assets/pob-JfjWNVoa.js                                1.40 kB │ gzip:   0.86 kB │ map:     1.57 kB
apps/web/dist/assets/sanc-BTO37EIQ.js                               1.40 kB │ gzip:   0.91 kB │ map:     1.57 kB
apps/web/dist/assets/moz-DfLeJ6pl.js                                1.40 kB │ gzip:   0.91 kB │ map:     1.57 kB
apps/web/dist/assets/chh-DCSrpHqP.js                                1.40 kB │ gzip:   0.82 kB │ map:     1.58 kB
apps/web/dist/assets/gw-BrZoU69f.js                                 1.41 kB │ gzip:   0.93 kB │ map:     1.60 kB
apps/web/dist/assets/sana-DpCA0g-B.js                               1.41 kB │ gzip:   0.95 kB │ map:     1.60 kB
apps/web/dist/assets/sq-BiN9G-89.js                                 1.43 kB │ gzip:   0.87 kB │ map:     1.60 kB
apps/web/dist/assets/ef-C4Y90hvx.js                                 1.44 kB │ gzip:   0.94 kB │ map:     1.63 kB
apps/web/dist/assets/saw-Cl7MHvOX.js                                1.44 kB │ gzip:   0.95 kB │ map:     1.62 kB
apps/web/dist/assets/dv-CVKozg8e.js                                 1.45 kB │ gzip:   0.95 kB │ map:     1.62 kB
apps/web/dist/assets/cs-CmVgcO9u.js                                 1.45 kB │ gzip:   0.85 kB │ map:     1.64 kB
apps/web/dist/assets/lay-CEhcSA7W.js                                1.46 kB │ gzip:   0.98 kB │ map:     1.65 kB
apps/web/dist/assets/oj-DexQTNZQ.js                                 1.47 kB │ gzip:   0.96 kB │ map:     1.64 kB
apps/web/dist/assets/dea-BXIdfw6G.js                                1.47 kB │ gzip:   0.91 kB │ map:     1.66 kB
apps/web/dist/assets/kw-Dsn5LCtM.js                                 1.48 kB │ gzip:   0.95 kB │ map:     1.66 kB
apps/web/dist/assets/cag-BJ69f7Zz.js                                1.48 kB │ gzip:   0.92 kB │ map:     1.66 kB
apps/web/dist/assets/vik-DbeOXNsp.js                                1.49 kB │ gzip:   0.94 kB │ map:     1.68 kB
apps/web/dist/assets/pow-DWbCAPkq.js                                1.50 kB │ gzip:   0.90 kB │ map:     1.68 kB
apps/web/dist/assets/poh-BshWQ_SU.js                                1.54 kB │ gzip:   0.93 kB │ map:     1.72 kB
apps/web/dist/assets/doc-BN0j4qHy.js                                1.56 kB │ gzip:   1.02 kB │ map:     1.74 kB
apps/web/dist/assets/zw-Dh57AktL.js                                 1.56 kB │ gzip:   0.90 kB │ map:     1.76 kB
apps/web/dist/assets/via-DSxfm9p9.js                                1.57 kB │ gzip:   1.00 kB │ map:     1.76 kB
apps/web/dist/assets/bok-B5yqoMJX.js                                1.57 kB │ gzip:   1.03 kB │ map:     1.77 kB
apps/web/dist/assets/kf-14Q8_6Vr.js                                 1.57 kB │ gzip:   0.88 kB │ map:     1.76 kB
apps/web/dist/assets/alu-dqg2-cnX.js                                1.57 kB │ gzip:   1.02 kB │ map:     1.77 kB
apps/web/dist/assets/beu-BBjNBMP9.js                                1.57 kB │ gzip:   0.92 kB │ map:     1.77 kB
apps/web/dist/assets/jh-GlOb-fKI.js                                 1.58 kB │ gzip:   0.93 kB │ map:     1.78 kB
apps/web/dist/assets/baj-DneuBa1l.js                                1.58 kB │ gzip:   1.02 kB │ map:     1.78 kB
apps/web/dist/assets/kv-CgMkqxyA.js                                 1.59 kB │ gzip:   1.00 kB │ map:     1.79 kB
apps/web/dist/assets/haa-iyA4KtfX.js                                1.59 kB │ gzip:   0.94 kB │ map:     1.79 kB
apps/web/dist/assets/ii-C-lDbPF3.js                                 1.60 kB │ gzip:   1.03 kB │ map:     1.79 kB
apps/web/dist/assets/laf-FROvLxuY.js                                1.62 kB │ gzip:   0.96 kB │ map:     1.82 kB
apps/web/dist/assets/mab-Oh386-AC.js                                1.65 kB │ gzip:   1.03 kB │ map:     1.85 kB
apps/web/dist/assets/ia-CCpPsXbn.js                                 1.68 kB │ gzip:   1.05 kB │ map:     1.89 kB
apps/web/dist/assets/ez-CNkAyaNM.js                                 1.68 kB │ gzip:   1.14 kB │ map:     1.88 kB
apps/web/dist/assets/mt-CcUOU7eW.js                                 1.68 kB │ gzip:   0.99 kB │ map:     1.88 kB
apps/web/dist/assets/aw-CimYuDWw.js                                 1.69 kB │ gzip:   1.12 kB │ map:     1.90 kB
apps/web/dist/assets/moc-C6utz_mw.js                                1.70 kB │ gzip:   1.10 kB │ map:     1.91 kB
apps/web/dist/assets/ded-CHZEpYNJ.js                                1.73 kB │ gzip:   1.08 kB │ map:     1.95 kB
apps/web/dist/assets/laj-C1JYrEdE.js                                1.74 kB │ gzip:   1.06 kB │ map:     1.95 kB
apps/web/dist/assets/hab-DiPMgDhL.js                                1.74 kB │ gzip:   1.10 kB │ map:     1.96 kB
apps/web/dist/assets/zv-zy2GPL_G.js                                 1.75 kB │ gzip:   1.06 kB │ map:     1.98 kB
apps/web/dist/assets/sann-Dnk3HmMW.js                               1.75 kB │ gzip:   0.97 kB │ map:     1.95 kB
apps/web/dist/assets/bek-BpAKwpAO.js                                1.76 kB │ gzip:   1.10 kB │ map:     1.98 kB
apps/web/dist/assets/pok-CLGKlKj3.js                                1.77 kB │ gzip:   1.07 kB │ map:     1.99 kB
apps/web/dist/assets/moi-yOfKumwv.js                                1.78 kB │ gzip:   1.12 kB │ map:     1.99 kB
apps/web/dist/assets/pay-BEcyjJpI.js                                1.81 kB │ gzip:   1.10 kB │ map:     2.04 kB
apps/web/dist/assets/alo-Cy42FZTR.js                                1.82 kB │ gzip:   1.17 kB │ map:     2.03 kB
apps/web/dist/assets/kav-C8uZYy-X.js                                1.83 kB │ gzip:   1.13 kB │ map:     2.05 kB
apps/web/dist/assets/dj-CF6OeafJ.js                                 1.83 kB │ gzip:   1.17 kB │ map:     2.05 kB
apps/web/dist/assets/mok-mHld4N_8.js                                1.84 kB │ gzip:   1.17 kB │ map:     2.06 kB
apps/web/dist/assets/kah-Z1BmpAi5.js                                1.85 kB │ gzip:   1.15 kB │ map:     2.08 kB
apps/web/dist/assets/dec-C1HStppl.js                                1.87 kB │ gzip:   1.11 kB │ map:     2.10 kB
apps/web/dist/assets/ix-B1lbxTF0.js                                 1.88 kB │ gzip:   1.07 kB │ map:     2.09 kB
apps/web/dist/assets/beg-BFacs_o4.js                                1.88 kB │ gzip:   1.19 kB │ map:     2.12 kB
apps/web/dist/assets/kaw-BKjpLRDY.js                                1.90 kB │ gzip:   1.13 kB │ map:     2.12 kB
apps/web/dist/assets/bez-BG9mkoTz.js                                1.90 kB │ gzip:   1.19 kB │ map:     2.13 kB
apps/web/dist/assets/oh-m3EDBnVs.js                                 1.91 kB │ gzip:   1.22 kB │ map:     2.14 kB
apps/web/dist/assets/io-KZu3SBXK.js                                 1.91 kB │ gzip:   1.13 kB │ map:     2.14 kB
apps/web/dist/assets/bev-Cb-al1hf.js                                1.92 kB │ gzip:   1.06 kB │ map:     2.16 kB
apps/web/dist/assets/deb-B5e6PPDI.js                                1.92 kB │ gzip:   1.20 kB │ map:     2.16 kB
apps/web/dist/assets/saf-TSDzB4W6.js                                1.93 kB │ gzip:   1.25 kB │ map:     2.17 kB
apps/web/dist/assets/pam-oryclq0Z.js                                1.94 kB │ gzip:   1.21 kB │ map:     2.18 kB
apps/web/dist/assets/cy-CR90QcBv.js                                 1.95 kB │ gzip:   1.13 kB │ map:     2.17 kB
apps/web/dist/assets/hl-ZBVW1qXl.js                                 1.97 kB │ gzip:   1.16 kB │ map:     2.21 kB
apps/web/dist/assets/zd-AvdlyI20.js                                 2.00 kB │ gzip:   1.17 kB │ map:     2.23 kB
apps/web/dist/assets/als-DeDf4x3H.js                                2.00 kB │ gzip:   1.24 kB │ map:     2.24 kB
apps/web/dist/assets/paz-BktkMU3j.js                                2.01 kB │ gzip:   1.20 kB │ map:     2.25 kB
apps/web/dist/assets/pou-KA8A7y_H.js                                2.01 kB │ gzip:   1.18 kB │ map:     2.25 kB
apps/web/dist/assets/mb-eNdglY5R.js                                 2.02 kB │ gzip:   1.27 kB │ map:     2.27 kB
apps/web/dist/assets/ml-rO0yjnrf.js                                 2.05 kB │ gzip:   1.22 kB │ map:     2.29 kB
apps/web/dist/assets/l--DArTIUef.js                                 2.05 kB │ gzip:   1.23 kB │ map:     2.27 kB
apps/web/dist/assets/pab-BVWnbfh-.js                                2.05 kB │ gzip:   1.17 kB │ map:     2.28 kB
apps/web/dist/assets/deg-C2ZCy1cg.js                                2.06 kB │ gzip:   1.22 kB │ map:     2.29 kB
apps/web/dist/assets/pag-DFLs897Z.js                                2.07 kB │ gzip:   1.25 kB │ map:     2.32 kB
apps/web/dist/assets/bam-CyycOcEi.js                                2.07 kB │ gzip:   1.26 kB │ map:     2.33 kB
apps/web/dist/assets/kau-wWPvhTDn.js                                2.10 kB │ gzip:   1.22 kB │ map:     2.35 kB
apps/web/dist/assets/wr-BKbZePa1.js                                 2.12 kB │ gzip:   1.19 kB │ map:     2.37 kB
apps/web/dist/assets/pf-B-Ldelki.js                                 2.13 kB │ gzip:   1.14 kB │ map:     2.37 kB
apps/web/dist/assets/pak-BBs__TjE.js                                2.15 kB │ gzip:   1.33 kB │ map:     2.41 kB
apps/web/dist/assets/kak-BitCjmRv.js                                2.15 kB │ gzip:   1.33 kB │ map:     2.41 kB
apps/web/dist/assets/dog-CCUz4ty4.js                                2.16 kB │ gzip:   1.24 kB │ map:     2.41 kB
apps/web/dist/assets/maa-DsyOus22.js                                2.17 kB │ gzip:   1.29 kB │ map:     2.42 kB
apps/web/dist/assets/saa-Dkx2dbsA.js                                2.17 kB │ gzip:   1.32 kB │ map:     2.42 kB
apps/web/dist/assets/ek-DWpMx4lk.js                                 2.19 kB │ gzip:   1.37 kB │ map:     2.45 kB
apps/web/dist/assets/kaf-BeF5ln5k.js                                2.21 kB │ gzip:   1.28 kB │ map:     2.47 kB
apps/web/dist/assets/cob-obhZRO19.js                                2.21 kB │ gzip:   1.32 kB │ map:     2.48 kB
apps/web/dist/assets/haz-CpjHW3yi.js                                2.22 kB │ gzip:   1.29 kB │ map:     2.48 kB
apps/web/dist/assets/alg-BBcXE0Fd.js                                2.22 kB │ gzip:   1.32 kB │ map:     2.49 kB
apps/web/dist/assets/bj-XqTw9lmQ.js                                 2.22 kB │ gzip:   1.26 kB │ map:     2.49 kB
apps/web/dist/assets/cz-DzhChiuz.js                                 2.25 kB │ gzip:   1.17 kB │ map:     2.51 kB
apps/web/dist/assets/ow-WPpbZL13.js                                 2.25 kB │ gzip:   1.39 kB │ map:     2.51 kB
apps/web/dist/assets/boa-1w_Iq_Am.js                                2.25 kB │ gzip:   1.28 kB │ map:     2.50 kB
apps/web/dist/assets/kaz-Cowy_N_Q.js                                2.25 kB │ gzip:   1.38 kB │ map:     2.52 kB
apps/web/dist/assets/ex-3kFslaIt.js                                 2.27 kB │ gzip:   1.34 kB │ map:     2.53 kB
apps/web/dist/assets/lai-DyYCFf2o.js                                2.27 kB │ gzip:   1.41 kB │ map:     2.54 kB
apps/web/dist/assets/ic-DccfS8_O.js                                 2.28 kB │ gzip:   1.47 kB │ map:     2.54 kB
apps/web/dist/assets/bob-D7_FmFJk.js                                2.31 kB │ gzip:   1.37 kB │ map:     2.58 kB
apps/web/dist/assets/oy-DjJ0RMtU.js                                 2.31 kB │ gzip:   1.44 kB │ map:     2.59 kB
apps/web/dist/assets/dov-D8HimFAz.js                                2.32 kB │ gzip:   1.37 kB │ map:     2.60 kB
apps/web/dist/assets/lah-zzA79QQr.js                                2.33 kB │ gzip:   1.46 kB │ map:     2.61 kB
apps/web/dist/assets/dei-BJP-CU43.js                                2.33 kB │ gzip:   1.40 kB │ map:     2.58 kB
apps/web/dist/assets/sap-Bsuqd6BW.js                                2.35 kB │ gzip:   1.45 kB │ map:     2.62 kB
apps/web/dist/assets/maj-B2MsaWGn.js                                2.37 kB │ gzip:   1.49 kB │ map:     2.64 kB
apps/web/dist/assets/bey-BxDosSwB.js                                2.38 kB │ gzip:   1.40 kB │ map:     2.67 kB
apps/web/dist/assets/ox-D1au6PKx.js                                 2.38 kB │ gzip:   1.32 kB │ map:     2.67 kB
apps/web/dist/assets/oi-e2ZPDOWJ.js                                 2.41 kB │ gzip:   1.44 kB │ map:     2.69 kB
apps/web/dist/assets/gazetteer-CLU4B680.js                          2.43 kB │ gzip:   1.48 kB │ map:     2.71 kB
apps/web/dist/assets/vig-ty5TMMyk.js                                2.43 kB │ gzip:   1.38 kB │ map:     2.71 kB
apps/web/dist/assets/cau-ZE1YjVr-.js                                2.45 kB │ gzip:   1.44 kB │ map:     2.73 kB
apps/web/dist/assets/pog-mU-HHhb0.js                                2.49 kB │ gzip:   1.36 kB │ map:     2.76 kB
apps/web/dist/assets/boo-DT5mbKcJ.js                                2.49 kB │ gzip:   1.36 kB │ map:     2.79 kB
apps/web/dist/assets/hag-CPUseOpb.js                                2.50 kB │ gzip:   1.47 kB │ map:     2.79 kB
apps/web/dist/assets/oo-BgiyVTwa.js                                 2.51 kB │ gzip:   1.37 kB │ map:     2.80 kB
apps/web/dist/assets/pav-Bp-w3UQK.js                                2.51 kB │ gzip:   1.47 kB │ map:     2.80 kB
apps/web/dist/assets/dy-DBUD8WG_.js                                 2.51 kB │ gzip:   1.54 kB │ map:     2.81 kB
apps/web/dist/assets/poz-BhZGmkoU.js                                2.52 kB │ gzip:   1.44 kB │ map:     2.80 kB
apps/web/dist/assets/1-sdb0fqHO.js                                  2.52 kB │ gzip:   1.27 kB │ map:     2.76 kB
apps/web/dist/assets/hy-DGJFR-yX.js                                 2.53 kB │ gzip:   1.47 kB │ map:     2.84 kB
apps/web/dist/assets/mr-J3LzwYJo.js                                 2.56 kB │ gzip:   1.42 kB │ map:     2.87 kB
apps/web/dist/assets/poc-BDuH8-XE.js                                2.57 kB │ gzip:   1.56 kB │ map:     2.85 kB
apps/web/dist/assets/boh-Dte5kHdK.js                                2.58 kB │ gzip:   1.48 kB │ map:     2.87 kB
apps/web/dist/assets/aq-BQ_MRD-3.js                                 2.61 kB │ gzip:   1.59 kB │ map:     2.90 kB
apps/web/dist/assets/ey-CmLKiKC9.js                                 2.62 kB │ gzip:   1.55 kB │ map:     2.93 kB
apps/web/dist/assets/aj-CbD1aQyN.js                                 2.62 kB │ gzip:   1.66 kB │ map:     2.93 kB
apps/web/dist/assets/tl-DmCTK59k.js                                 2.62 kB │ gzip:   1.49 kB │ map:     2.90 kB
apps/web/dist/assets/mog-HNieLT68.js                                2.62 kB │ gzip:   1.60 kB │ map:     2.93 kB
apps/web/dist/assets/map-BxidQJLT.js                                2.63 kB │ gzip:   1.43 kB │ map:     2.94 kB
apps/web/dist/assets/deh-biKq1DOF.js                                2.64 kB │ gzip:   1.53 kB │ map:     2.94 kB
apps/web/dist/assets/sas-Cm2WbiDL.js                                2.64 kB │ gzip:   1.61 kB │ map:     2.95 kB
apps/web/dist/assets/bom-K1yn3lf-.js                                2.66 kB │ gzip:   1.47 kB │ map:     2.95 kB
apps/web/dist/assets/ik-CAlSOfGO.js                                 2.66 kB │ gzip:   1.63 kB │ map:     2.98 kB
apps/web/dist/assets/oe-CQzlCAPy.js                                 2.68 kB │ gzip:   1.50 kB │ map:     2.97 kB
apps/web/dist/assets/say-D42HwU8d.js                                2.69 kB │ gzip:   1.66 kB │ map:     3.00 kB
apps/web/dist/assets/cop-gWjI9u5w.js                                2.69 kB │ gzip:   1.59 kB │ map:     3.00 kB
apps/web/dist/assets/kay-C1pfwGq4.js                                2.72 kB │ gzip:   1.56 kB │ map:     3.05 kB
apps/web/dist/assets/ip-Bbar2QrG.js                                 2.76 kB │ gzip:   1.58 kB │ map:     3.08 kB
apps/web/dist/assets/vid-DTghPs93.js                                2.77 kB │ gzip:   1.66 kB │ map:     3.09 kB
apps/web/dist/assets/de--B3bwx3y3.js                                2.79 kB │ gzip:   1.52 kB │ map:     3.13 kB
apps/web/dist/assets/kai-DEVifFTD.js                                2.80 kB │ gzip:   1.65 kB │ map:     3.12 kB
apps/web/dist/assets/boy-BgAseUnh.js                                2.80 kB │ gzip:   1.63 kB │ map:     3.13 kB
apps/web/dist/assets/zl-Bl71X-OI.js                                 2.82 kB │ gzip:   1.55 kB │ map:     3.14 kB
apps/web/dist/assets/boz-DJG62l-y.js                                2.82 kB │ gzip:   1.62 kB │ map:     3.16 kB
apps/web/dist/assets/dee-BrAYvyjH.js                                2.82 kB │ gzip:   1.51 kB │ map:     3.15 kB
apps/web/dist/assets/cad-D4p5OFwO.js                                2.84 kB │ gzip:   1.55 kB │ map:     3.16 kB
apps/web/dist/assets/dev-Dc7XuGW4.js                                2.85 kB │ gzip:   1.67 kB │ map:     3.18 kB
apps/web/dist/assets/bau-TlK3uT-x.js                                2.86 kB │ gzip:   1.63 kB │ map:     3.17 kB
apps/web/dist/assets/kad-B5RYaTJt.js                                2.88 kB │ gzip:   1.72 kB │ map:     3.22 kB
apps/web/dist/assets/lal-DL9mnxtT.js                                2.88 kB │ gzip:   1.73 kB │ map:     3.23 kB
apps/web/dist/assets/lj-Cw2RvW90.js                                 2.89 kB │ gzip:   1.48 kB │ map:     3.22 kB
apps/web/dist/assets/lat-D_Wpa1ob.js                                2.90 kB │ gzip:   1.69 kB │ map:     3.23 kB
apps/web/dist/assets/bod-D4-inPzB.js                                2.91 kB │ gzip:   1.72 kB │ map:     3.24 kB
apps/web/dist/assets/alf-Bybp3CFV.js                                2.91 kB │ gzip:   1.67 kB │ map:     3.24 kB
apps/web/dist/assets/haw-1K8rUXuT.js                                2.94 kB │ gzip:   1.66 kB │ map:     3.27 kB
apps/web/dist/assets/kab-BdC-Wcon.js                                2.95 kB │ gzip:   1.78 kB │ map:     3.30 kB
apps/web/dist/assets/ald-B_DWcqp1.js                                2.95 kB │ gzip:   1.66 kB │ map:     3.29 kB
apps/web/dist/assets/bec-BWJo7jvX.js                                2.96 kB │ gzip:   1.72 kB │ map:     3.29 kB
apps/web/dist/assets/sn-CQ4zR9Qv.js                                 2.98 kB │ gzip:   1.74 kB │ map:     3.32 kB
apps/web/dist/assets/lad-D4Q9xnmc.js                                3.00 kB │ gzip:   1.78 kB │ map:     3.35 kB
apps/web/dist/assets/hai-C6lcPLqO.js                                3.00 kB │ gzip:   1.81 kB │ map:     3.34 kB
apps/web/dist/assets/lap-DUmU8jyh.js                                3.01 kB │ gzip:   1.82 kB │ map:     3.35 kB
apps/web/dist/assets/pap-TDHvcO0R.js                                3.03 kB │ gzip:   1.82 kB │ map:     3.37 kB
apps/web/dist/assets/dem-CE5evpdK.js                                3.04 kB │ gzip:   1.72 kB │ map:     3.39 kB
apps/web/dist/assets/pop-C0TCPS6C.js                                3.06 kB │ gzip:   1.76 kB │ map:     3.40 kB
apps/web/dist/assets/pac-vu8UrS56.js                                3.08 kB │ gzip:   1.82 kB │ map:     3.42 kB
apps/web/dist/assets/gy-B6BovyqC.js                                 3.08 kB │ gzip:   1.81 kB │ map:     3.43 kB
apps/web/dist/assets/law-CVP82nsK.js                                3.09 kB │ gzip:   1.67 kB │ map:     3.43 kB
apps/web/dist/assets/aa-ChcX84EY.js                                 3.09 kB │ gzip:   1.73 kB │ map:     3.44 kB
apps/web/dist/assets/sak-BdO0dTQM.js                                3.11 kB │ gzip:   1.87 kB │ map:     3.47 kB
apps/web/dist/assets/haj-BURPgOI8.js                                3.11 kB │ gzip:   1.83 kB │ map:     3.43 kB
apps/web/dist/assets/chr-B_r9clnu.js                                3.14 kB │ gzip:   1.72 kB │ map:     3.47 kB
apps/web/dist/assets/id-MSm1CtH5.js                                 3.15 kB │ gzip:   1.93 kB │ map:     3.52 kB
apps/web/dist/assets/bow-DQr1c7Lb.js                                3.15 kB │ gzip:   1.63 kB │ map:     3.51 kB
apps/web/dist/assets/sah-CGcgiMlP.js                                3.23 kB │ gzip:   1.93 kB │ map:     3.59 kB
apps/web/dist/assets/had-B_uR8bmP.js                                3.23 kB │ gzip:   1.90 kB │ map:     3.60 kB
apps/web/dist/assets/moh-CiY0J9rg.js                                3.23 kB │ gzip:   1.87 kB │ map:     3.57 kB
apps/web/dist/assets/bed-i0QJ8B1w.js                                3.24 kB │ gzip:   1.82 kB │ map:     3.61 kB
apps/web/dist/assets/py-CLmaxn25.js                                 3.24 kB │ gzip:   1.95 kB │ map:     3.61 kB
apps/web/dist/assets/tw-CdxLAByW.js                                 3.31 kB │ gzip:   1.84 kB │ map:     3.67 kB
apps/web/dist/assets/sang-BM0_RAxB.js                               3.31 kB │ gzip:   1.94 kB │ map:     3.68 kB
apps/web/dist/assets/bee-EEWdVG1Z.js                                3.31 kB │ gzip:   1.77 kB │ map:     3.69 kB
apps/web/dist/assets/sac-D7SWk3S9.js                                3.35 kB │ gzip:   1.91 kB │ map:     3.71 kB
apps/web/dist/assets/hac-Bv8MboLF.js                                3.39 kB │ gzip:   1.86 kB │ map:     3.76 kB
apps/web/dist/assets/coa-BVRhf82-.js                                3.39 kB │ gzip:   1.87 kB │ map:     3.76 kB
apps/web/dist/assets/boc-zH90F6aV.js                                3.39 kB │ gzip:   1.98 kB │ map:     3.77 kB
apps/web/dist/assets/baz-1AmOzzLR.js                                3.41 kB │ gzip:   2.00 kB │ map:     3.78 kB
apps/web/dist/assets/cac-Bny8EFrl.js                                3.48 kB │ gzip:   1.95 kB │ map:     3.85 kB
apps/web/dist/assets/sag-Cp-HsOCj.js                                3.50 kB │ gzip:   2.06 kB │ map:     3.90 kB
apps/web/dist/assets/coc-hRR3Xp0g.js                                3.51 kB │ gzip:   2.01 kB │ map:     3.89 kB
apps/web/dist/assets/eb-CMrGVxUJ.js                                 3.53 kB │ gzip:   2.05 kB │ map:     3.92 kB
apps/web/dist/assets/alc-aWB7Gj3e.js                                3.57 kB │ gzip:   1.93 kB │ map:     3.96 kB
apps/web/dist/assets/ng-Cf_Aur70.js                                 3.61 kB │ gzip:   2.22 kB │ map:     4.02 kB
apps/web/dist/assets/alp-liZOFtOe.js                                3.61 kB │ gzip:   1.99 kB │ map:     4.01 kB
apps/web/dist/assets/ep-ClbP7Thy.js                                 3.62 kB │ gzip:   2.05 kB │ map:     4.03 kB
apps/web/dist/assets/sad-CpCL_M7Q.js                                3.63 kB │ gzip:   2.13 kB │ map:     4.04 kB
apps/web/dist/assets/sank-BiRSykDU.js                               3.63 kB │ gzip:   1.90 kB │ map:     3.99 kB
apps/web/dist/assets/cov-CrULtGVB.js                                3.64 kB │ gzip:   1.98 kB │ map:     4.03 kB
apps/web/dist/assets/cav-6o4uRzOk.js                                3.65 kB │ gzip:   2.01 kB │ map:     4.05 kB
apps/web/dist/assets/alv-BLzGx0ml.js                                3.67 kB │ gzip:   1.99 kB │ map:     4.07 kB
apps/web/dist/assets/cai-BiGDrByY.js                                3.67 kB │ gzip:   2.16 kB │ map:     4.08 kB
apps/web/dist/assets/ov-CnsuC8_6.js                                 3.69 kB │ gzip:   2.15 kB │ map:     4.11 kB
apps/web/dist/assets/vu-PNzgvtC-.js                                 3.69 kB │ gzip:   2.10 kB │ map:     4.11 kB
apps/web/dist/assets/dow-Dad9bOxo.js                                3.73 kB │ gzip:   2.00 kB │ map:     4.12 kB
apps/web/dist/assets/pom-Cyodef4b.js                                3.74 kB │ gzip:   2.10 kB │ map:     4.15 kB
apps/web/dist/assets/bot-Po20J48o.js                                3.74 kB │ gzip:   2.17 kB │ map:     4.17 kB
apps/web/dist/assets/hau-DOcVgxvq.js                                3.76 kB │ gzip:   2.08 kB │ map:     4.17 kB
apps/web/dist/assets/coo-CcIl757k.js                                3.77 kB │ gzip:   1.97 kB │ map:     4.19 kB
apps/web/dist/assets/af-DwNznCX3.js                                 3.78 kB │ gzip:   2.31 kB │ map:     4.21 kB
apps/web/dist/assets/oz-DLqugZV1.js                                 3.79 kB │ gzip:   2.25 kB │ map:     4.22 kB
apps/web/dist/assets/mam-C-r990M4.js                                3.80 kB │ gzip:   2.24 kB │ map:     4.23 kB
apps/web/dist/assets/cay-XLXIXclF.js                                3.84 kB │ gzip:   2.16 kB │ map:     4.27 kB
apps/web/dist/assets/iz-CnQvgfHi.js                                 3.84 kB │ gzip:   2.26 kB │ map:     4.29 kB
apps/web/dist/assets/wy-72zQU7TP.js                                 3.85 kB │ gzip:   2.06 kB │ map:     4.29 kB
apps/web/dist/assets/lav-Cqb9YbP2.js                                3.86 kB │ gzip:   2.21 kB │ map:     4.27 kB
apps/web/dist/assets/pai-7_NHWHTd.js                                3.87 kB │ gzip:   2.16 kB │ map:     4.26 kB
apps/web/dist/assets/laz-CHK6f9tY.js                                3.90 kB │ gzip:   2.18 kB │ map:     4.31 kB
apps/web/dist/assets/kap-GBpxvIzn.js                                3.92 kB │ gzip:   2.36 kB │ map:     4.36 kB
apps/web/dist/assets/og--wXIhEEg.js                                 3.93 kB │ gzip:   2.28 kB │ map:     4.38 kB
apps/web/dist/assets/hat-DcARcuaZ.js                                3.94 kB │ gzip:   2.29 kB │ map:     4.37 kB
apps/web/dist/assets/vir-DGd_uZBF.js                                3.95 kB │ gzip:   2.24 kB │ map:     4.37 kB
apps/web/dist/assets/lab-HWrnq6SC.js                                3.97 kB │ gzip:   2.25 kB │ map:     4.39 kB
apps/web/dist/assets/sz-D_BMGAWB.js                                 3.97 kB │ gzip:   2.06 kB │ map:     4.41 kB
apps/web/dist/assets/maz-DDrhSuRM.js                                3.97 kB │ gzip:   2.31 kB │ map:     4.40 kB
apps/web/dist/assets/om-Ch6Js8GS.js                                 4.00 kB │ gzip:   2.40 kB │ map:     4.46 kB
apps/web/dist/assets/ec-CLCib2Hb.js                                 4.00 kB │ gzip:   2.33 kB │ map:     4.44 kB
apps/web/dist/assets/pos-DdOQ7gxP.js                                4.06 kB │ gzip:   2.38 kB │ map:     4.50 kB
apps/web/dist/assets/sat-BxaTo8FY.js                                4.06 kB │ gzip:   2.40 kB │ map:     4.51 kB
apps/web/dist/assets/bak-C5CqBrA2.js                                4.09 kB │ gzip:   2.38 kB │ map:     4.55 kB
apps/web/dist/assets/eu-FepTNw4B.js                                 4.09 kB │ gzip:   2.29 kB │ map:     4.53 kB
apps/web/dist/assets/rh-BraibAcL.js                                 4.14 kB │ gzip:   2.21 kB │ map:     4.58 kB
apps/web/dist/assets/vy-D8Tuil5M.js                                 4.16 kB │ gzip:   2.30 kB │ map:     4.62 kB
apps/web/dist/assets/cot-DKNS7oHj.js                                4.17 kB │ gzip:   2.34 kB │ map:     4.61 kB
apps/web/dist/assets/vl-k8GvXWsv.js                                 4.18 kB │ gzip:   2.26 kB │ map:     4.63 kB
apps/web/dist/assets/mot-aoYdKrQR.js                                4.19 kB │ gzip:   2.46 kB │ map:     4.65 kB
apps/web/dist/assets/dh-BP2bqsjM.js                                 4.23 kB │ gzip:   2.37 kB │ map:     4.71 kB
apps/web/dist/assets/ib-DdSffDt8.js                                 4.41 kB │ gzip:   2.54 kB │ map:     4.90 kB
apps/web/dist/assets/lac-Cl163p13.js                                4.41 kB │ gzip:   2.52 kB │ map:     4.88 kB
apps/web/dist/assets/zg-BmMIHZMT.js                                 4.43 kB │ gzip:   2.07 kB │ map:     4.87 kB
apps/web/dist/assets/wu-C6Tacgn6.js                                 4.44 kB │ gzip:   2.51 kB │ map:     4.93 kB
apps/web/dist/assets/hay-COVDZHb0.js                                4.46 kB │ gzip:   2.50 kB │ map:     4.96 kB
apps/web/dist/assets/cos-kfGuoC4G.js                                4.50 kB │ gzip:   2.49 kB │ map:     4.97 kB
apps/web/dist/assets/pad-C1cT53Pm.js                                4.52 kB │ gzip:   2.57 kB │ map:     5.00 kB
apps/web/dist/assets/bog-CEfxYSfS.js                                4.59 kB │ gzip:   2.61 kB │ map:     5.11 kB
apps/web/dist/assets/ig-B594RoRt.js                                 4.60 kB │ gzip:   2.61 kB │ map:     5.10 kB
apps/web/dist/assets/bes-CCt-oH1K.js                                4.61 kB │ gzip:   2.62 kB │ map:     5.10 kB
apps/web/dist/assets/moo-Dk68gkSB.js                                4.63 kB │ gzip:   2.46 kB │ map:     5.13 kB
apps/web/dist/assets/bah-CBbsrrsY.js                                4.63 kB │ gzip:   2.71 kB │ map:     5.13 kB
apps/web/dist/assets/vit-FJYUCwX9.js                                4.64 kB │ gzip:   2.53 kB │ map:     5.12 kB
apps/web/dist/assets/boi-CMKj8X9v.js                                4.73 kB │ gzip:   2.43 kB │ map:     5.21 kB
apps/web/dist/assets/eg-CsFsp1-D.js                                 4.76 kB │ gzip:   2.73 kB │ map:     5.28 kB
apps/web/dist/assets/bac-BJnsk0jJ.js                                4.77 kB │ gzip:   2.69 kB │ map:     5.29 kB
apps/web/dist/assets/ty-BtnRBHU4.js                                 4.82 kB │ gzip:   2.80 kB │ map:     5.36 kB
apps/web/dist/assets/dz-BT_WGFts.js                                 4.82 kB │ gzip:   2.67 kB │ map:     5.34 kB
apps/web/dist/assets/ry-DqWh8W0B.js                                 4.85 kB │ gzip:   2.72 kB │ map:     5.40 kB
apps/web/dist/assets/kn-BxjEK6p5.js                                 4.88 kB │ gzip:   2.73 kB │ map:     5.42 kB
apps/web/dist/assets/dos-BDYwscsJ.js                                4.89 kB │ gzip:   2.69 kB │ map:     5.36 kB
apps/web/dist/assets/bab-wiW9fL1A.js                                5.03 kB │ gzip:   2.87 kB │ map:     5.60 kB
apps/web/dist/assets/op-CcdkPle0.js                                 5.08 kB │ gzip:   2.95 kB │ map:     5.64 kB
apps/web/dist/assets/bei-Bjm-ENPB.js                                5.10 kB │ gzip:   2.81 kB │ map:     5.60 kB
apps/web/dist/assets/dou-CChbzw1B.js                                5.16 kB │ gzip:   2.77 kB │ map:     5.70 kB
apps/web/dist/assets/od-BmWkj5Og.js                                 5.17 kB │ gzip:   3.07 kB │ map:     5.74 kB
apps/web/dist/assets/ei-BsAeuhnc.js                                 5.23 kB │ gzip:   2.90 kB │ map:     5.79 kB
apps/web/dist/assets/ok-Dc0IdBA-.js                                 5.34 kB │ gzip:   3.04 kB │ map:     5.93 kB
apps/web/dist/assets/sav-DMf98vmZ.js                                5.37 kB │ gzip:   3.02 kB │ map:     5.95 kB
apps/web/dist/assets/hav-C31OezDE.js                                5.39 kB │ gzip:   2.87 kB │ map:     5.97 kB
apps/web/dist/assets/ev-Cz_VgFyu.js                                 5.42 kB │ gzip:   2.94 kB │ map:     6.02 kB
apps/web/dist/assets/sau-BZGYUKZA.js                                5.45 kB │ gzip:   3.01 kB │ map:     6.01 kB
apps/web/dist/assets/by-D3XOwq29.js                                 5.45 kB │ gzip:   3.07 kB │ map:     6.03 kB
apps/web/dist/assets/iv-BrdrjtPV.js                                 5.46 kB │ gzip:   3.05 kB │ map:     6.05 kB
apps/web/dist/assets/ll-swrPcCXs.js                                 5.58 kB │ gzip:   2.82 kB │ map:     6.16 kB
apps/web/dist/assets/cab-BpAgN3pZ.js                                5.64 kB │ gzip:   3.11 kB │ map:     6.22 kB
apps/web/dist/assets/ah-BAEXVIRH.js                                 5.65 kB │ gzip:   3.26 kB │ map:     6.25 kB
apps/web/dist/assets/lar-D9fktuko.js                                5.68 kB │ gzip:   3.23 kB │ map:     6.29 kB
apps/web/dist/assets/sy-Dfuje45N.js                                 5.72 kB │ gzip:   3.19 kB │ map:     6.33 kB
apps/web/dist/assets/sr-3CQDbo4V.js                                 5.77 kB │ gzip:   3.14 kB │ map:     6.37 kB
apps/web/dist/assets/pot-Bp_Jwsct.js                                5.80 kB │ gzip:   3.15 kB │ map:     6.40 kB
apps/web/dist/assets/ny-ha6PpACe.js                                 5.82 kB │ gzip:   3.23 kB │ map:     6.46 kB
apps/web/dist/assets/mau-0SDXHyNY.js                                5.84 kB │ gzip:   3.19 kB │ map:     6.44 kB
apps/web/dist/assets/sab-DrUpo6LO.js                                5.85 kB │ gzip:   3.30 kB │ map:     6.46 kB
apps/web/dist/assets/mak-BcDiXUMz.js                                5.85 kB │ gzip:   3.42 kB │ map:     6.48 kB
apps/web/dist/assets/sw-Bjo74b7R.js                                 5.85 kB │ gzip:   3.12 kB │ map:     6.47 kB
apps/web/dist/assets/hr-xdEnH3_l.js                                 5.96 kB │ gzip:   3.12 kB │ map:     6.59 kB
apps/web/dist/assets/alm-R9oXdkB-.js                                6.01 kB │ gzip:   3.29 kB │ map:     6.65 kB
apps/web/dist/assets/oc-BMMf2Hrf.js                                 6.02 kB │ gzip:   3.39 kB │ map:     6.66 kB
apps/web/dist/assets/zo-C65GnBJe.js                                 6.04 kB │ gzip:   3.45 kB │ map:     6.71 kB
apps/web/dist/assets/has-UGiks9sY.js                                6.05 kB │ gzip:   3.35 kB │ map:     6.70 kB
apps/web/dist/assets/bh-Da5YGpON.js                                 6.09 kB │ gzip:   3.16 kB │ map:     6.76 kB
apps/web/dist/assets/pau-gWyRETvy.js                                6.26 kB │ gzip:   3.32 kB │ map:     6.88 kB
apps/web/dist/assets/kas-DZlp7wJF.js                                6.40 kB │ gzip:   3.63 kB │ map:     7.11 kB
apps/web/dist/assets/bos-VrUdUY1u.js                                6.45 kB │ gzip:   3.56 kB │ map:     7.13 kB
apps/web/dist/assets/lag-COyLGWzF.js                                6.56 kB │ gzip:   3.53 kB │ map:     7.22 kB
apps/web/dist/assets/den-CqCLoD7P.js                                6.60 kB │ gzip:   3.44 kB │ map:     7.29 kB
apps/web/dist/assets/may-8EgxF6UO.js                                6.69 kB │ gzip:   3.60 kB │ map:     7.41 kB
apps/web/dist/assets/mol-CIjRTfzd.js                                6.73 kB │ gzip:   3.80 kB │ map:     7.45 kB
apps/web/dist/assets/az-CKmt1Dc3.js                                 6.74 kB │ gzip:   3.95 kB │ map:     7.47 kB
apps/web/dist/assets/ali-CDEdSoaj.js                                6.75 kB │ gzip:   3.83 kB │ map:     7.46 kB
apps/web/dist/assets/bet-B8RgAlBw.js                                6.81 kB │ gzip:   3.64 kB │ map:     7.53 kB
apps/web/dist/assets/dom-qd80Ad2F.js                                6.88 kB │ gzip:   3.64 kB │ map:     7.56 kB
apps/web/dist/assets/of-qg5dkg5U.js                                 6.96 kB │ gzip:   3.85 kB │ map:     7.60 kB
apps/web/dist/assets/my-eQp1BhLW.js                                 6.97 kB │ gzip:   3.77 kB │ map:     7.73 kB
apps/web/dist/assets/kat-DLQdFN4P.js                                6.99 kB │ gzip:   4.00 kB │ map:     7.75 kB
apps/web/dist/assets/dor-k0h4pmng.js                                7.00 kB │ gzip:   3.88 kB │ map:     7.74 kB
apps/web/dist/assets/gm-wKXMqPRF.js                                 7.00 kB │ gzip:   3.36 kB │ map:     7.58 kB
apps/web/dist/assets/mc-BLs5ETCE.js                                 7.03 kB │ gzip:   3.60 kB │ map:     7.78 kB
apps/web/dist/assets/ky-G-Ax-d2-.js                                 7.12 kB │ gzip:   4.04 kB │ map:     7.89 kB
apps/web/dist/assets/gh-DQExcRGr.js                                 7.26 kB │ gzip:   4.15 kB │ map:     8.03 kB
apps/web/dist/assets/mos-CEDrZtt7.js                                7.30 kB │ gzip:   4.09 kB │ map:     8.07 kB
apps/web/dist/assets/chu-CjuzgC07.js                                7.40 kB │ gzip:   4.16 kB │ map:     8.18 kB
apps/web/dist/assets/lam-CTWbUtMi.js                                7.46 kB │ gzip:   4.06 kB │ map:     8.24 kB
apps/web/dist/assets/sand-h2f7P2ro.js                               7.49 kB │ gzip:   4.02 kB │ map:     8.28 kB
apps/web/dist/assets/bag-DhvhjxdV.js                                7.67 kB │ gzip:   4.17 kB │ map:     8.49 kB
apps/web/dist/assets/ts-CS67Eh9X.js                                 7.74 kB │ gzip:   4.29 kB │ map:     8.55 kB
apps/web/dist/assets/pat-CSjR0K0g.js                                7.77 kB │ gzip:   4.32 kB │ map:     8.59 kB
apps/web/dist/assets/ir-Do-joJDq.js                                 7.80 kB │ gzip:   4.34 kB │ map:     8.63 kB
apps/web/dist/assets/vin-V2HDbWfl.js                                7.84 kB │ gzip:   4.24 kB │ map:     8.65 kB
apps/web/dist/assets/sv-BaiIpGEF.js                                 7.90 kB │ gzip:   4.24 kB │ map:     8.72 kB
apps/web/dist/assets/mah-yi2nTOyT.js                                7.95 kB │ gzip:   4.40 kB │ map:     8.79 kB
apps/web/dist/assets/cou-BCFJYhV1.js                                7.97 kB │ gzip:   3.99 kB │ map:     8.76 kB
apps/web/dist/assets/ay-CCv8I5yD.js                                 8.03 kB │ gzip:   4.64 kB │ map:     8.89 kB
apps/web/dist/assets/vic-DD1M7rqe.js                                8.08 kB │ gzip:   4.11 kB │ map:     8.87 kB
apps/web/dist/assets/zh-BaiJmXug.js                                 8.10 kB │ gzip:   4.09 kB │ map:     8.98 kB
apps/web/dist/assets/cat-j8AtcpoC.js                                8.26 kB │ gzip:   4.39 kB │ map:     9.07 kB
apps/web/dist/assets/ale-CYXtEK1E.js                                8.30 kB │ gzip:   4.35 kB │ map:     9.13 kB
apps/web/dist/assets/mag-Cug6Aelb.js                                8.30 kB │ gzip:   4.61 kB │ map:     9.15 kB
apps/web/dist/assets/vie-CkBCSoHD.js                                8.37 kB │ gzip:   4.44 kB │ map:     9.20 kB
apps/web/dist/assets/vis-BEzVIhTe.js                                8.38 kB │ gzip:   4.28 kB │ map:     9.22 kB
apps/web/dist/assets/mai-vMmYlG7F.js                                8.38 kB │ gzip:   4.63 kB │ map:     9.24 kB
apps/web/dist/assets/pas-BMqGlLEC.js                                8.44 kB │ gzip:   4.77 kB │ map:     9.31 kB
apps/web/dist/assets/on-0nesB_fh.js                                 8.56 kB │ gzip:   4.77 kB │ map:     9.44 kB
apps/web/dist/assets/han-DeGJxhv0.js                                8.62 kB │ gzip:   4.71 kB │ map:     9.54 kB
apps/web/dist/assets/ly-DzqgbjJR.js                                 8.65 kB │ gzip:   4.62 kB │ map:     9.59 kB
apps/web/dist/assets/ot-BzqjrzMB.js                                 8.65 kB │ gzip:   4.85 kB │ map:     9.59 kB
apps/web/dist/assets/las-NprtH1M-.js                                8.69 kB │ gzip:   4.70 kB │ map:     9.55 kB
apps/web/dist/assets/com-Cg_5gkAA.js                                8.72 kB │ gzip:   4.62 kB │ map:     9.60 kB
apps/web/dist/assets/bol-YNR3Z8vi.js                                8.78 kB │ gzip:   4.75 kB │ map:     9.67 kB
apps/web/dist/assets/sam-D75Zy69-.js                                8.78 kB │ gzip:   5.02 kB │ map:     9.73 kB
apps/web/dist/assets/ph-DRlIl1D1.js                                 8.79 kB │ gzip:   4.76 kB │ map:     9.68 kB
apps/web/dist/assets/em-TfrMuf0B.js                                 8.82 kB │ gzip:   4.81 kB │ map:     9.75 kB
apps/web/dist/assets/dob-CA-4tCrA.js                                8.86 kB │ gzip:   4.46 kB │ map:     9.79 kB
apps/web/dist/assets/lau-DjZaxKjg.js                                8.88 kB │ gzip:   4.46 kB │ map:     9.77 kB
apps/web/dist/assets/sm-DC_6VqqW.js                                 8.91 kB │ gzip:   4.64 kB │ map:     9.83 kB
apps/web/dist/assets/zi-BxeZNTSv.js                                 8.95 kB │ gzip:   5.14 kB │ map:     9.90 kB
apps/web/dist/assets/cho-I8dR0V-K.js                                8.99 kB │ gzip:   5.13 kB │ map:     9.94 kB
apps/web/dist/assets/zu-CZhQL3Ns.js                                 9.00 kB │ gzip:   4.55 kB │ map:     9.91 kB
apps/web/dist/assets/ap-CzR9po5J.js                                 9.04 kB │ gzip:   5.02 kB │ map:     9.99 kB
apps/web/dist/assets/et-rGKip3sN.js                                 9.16 kB │ gzip:   4.86 kB │ map:    10.05 kB
apps/web/dist/assets/des-DwOUo1dE.js                                9.18 kB │ gzip:   4.81 kB │ map:    10.03 kB
apps/web/dist/assets/im-PHccfQ1t.js                                 9.22 kB │ gzip:   5.00 kB │ map:    10.10 kB
apps/web/dist/assets/bai-DQrFSSkT.js                                9.27 kB │ gzip:   4.89 kB │ map:    10.20 kB
apps/web/dist/assets/ala-Cop8tenH.js                                9.29 kB │ gzip:   5.13 kB │ map:    10.27 kB
apps/web/dist/assets/all-BrU-eg2l.js                                9.75 kB │ gzip:   5.02 kB │ map:    10.74 kB
apps/web/dist/assets/bat-Dki0rugv.js                                9.93 kB │ gzip:   5.48 kB │ map:    10.96 kB
apps/web/dist/assets/ed-BFqscfeY.js                                 9.99 kB │ gzip:   5.09 kB │ map:    11.05 kB
apps/web/dist/assets/bon-Do9irLQk.js                               10.03 kB │ gzip:   5.37 kB │ map:    11.07 kB
apps/web/dist/assets/mad-DMTm1qHL.js                               10.05 kB │ gzip:   5.39 kB │ map:    11.07 kB
apps/web/dist/assets/oa-Sd63oYpi.js                                10.31 kB │ gzip:   4.89 kB │ map:    11.41 kB
apps/web/dist/assets/mac-BknCanNW.js                               10.31 kB │ gzip:   5.58 kB │ map:    11.37 kB
apps/web/dist/assets/ou-WsU5kJ-S.js                                10.34 kB │ gzip:   5.64 kB │ map:    11.40 kB
apps/web/dist/assets/pan-DeS00aY0.js                               10.39 kB │ gzip:   5.75 kB │ map:    11.49 kB
apps/web/dist/assets/alb-DVP6exeG.js                               10.70 kB │ gzip:   5.43 kB │ map:    11.80 kB
apps/web/dist/assets/cap-BUwNJRgD.js                               10.72 kB │ gzip:   5.75 kB │ map:    11.77 kB
apps/web/dist/assets/it-B8ttWqTf.js                                10.76 kB │ gzip:   5.50 kB │ map:    11.87 kB
apps/web/dist/assets/der-gzA1-UYo.js                               10.85 kB │ gzip:   5.30 kB │ map:    11.86 kB
apps/web/dist/assets/hal-g38aa5E9.js                               10.94 kB │ gzip:   5.96 kB │ map:    12.10 kB
apps/web/dist/assets/ji-Ccsd-FUu.js                                11.05 kB │ gzip:   5.99 kB │ map:    12.23 kB
apps/web/dist/assets/mas-opOdwBh1.js                               11.22 kB │ gzip:   6.15 kB │ map:    12.40 kB
apps/web/dist/assets/al--CSi_6AUr.js                               11.23 kB │ gzip:   6.02 kB │ map:    12.36 kB
apps/web/dist/assets/kl-AsjckGOB.js                                11.33 kB │ gzip:   6.16 kB │ map:    12.53 kB
apps/web/dist/assets/er-BStWHmv1.js                                11.70 kB │ gzip:   6.50 kB │ map:    12.95 kB
apps/web/dist/assets/bad-DQXfph0d.js                               11.73 kB │ gzip:   5.97 kB │ map:    12.92 kB
apps/web/dist/assets/poi-Dku5vaac.js                               11.81 kB │ gzip:   5.67 kB │ map:    12.96 kB
apps/web/dist/assets/pon-C1Kx5Fco.js                               11.81 kB │ gzip:   6.14 kB │ map:    12.99 kB
apps/web/dist/assets/kan-C1FD5tov.js                               12.11 kB │ gzip:   6.64 kB │ map:    13.40 kB
apps/web/dist/assets/ak-bO7NKEdQ.js                                12.15 kB │ gzip:   6.65 kB │ map:    13.52 kB
apps/web/dist/assets/av-C-jGfhFA.js                                12.18 kB │ gzip:   6.53 kB │ map:    13.47 kB
apps/web/dist/assets/pod-M_zOyg_I.js                               12.23 kB │ gzip:   6.17 kB │ map:    13.42 kB
apps/web/dist/assets/fu-Cpo_-CtF.js                                12.47 kB │ gzip:   6.81 kB │ map:    13.79 kB
apps/web/dist/assets/ze-Cadg3vPo.js                                12.60 kB │ gzip:   6.96 kB │ map:    13.94 kB
apps/web/dist/assets/wh-CM7F48s4.js                                12.74 kB │ gzip:   5.95 kB │ map:    14.04 kB
apps/web/dist/assets/bou-BiTrcuI0.js                               12.76 kB │ gzip:   6.50 kB │ map:    14.05 kB
apps/web/dist/assets/mat-QPk1meTo.js                               12.78 kB │ gzip:   7.03 kB │ map:    14.06 kB
apps/web/dist/assets/ham-CYZKcBvu.js                               12.83 kB │ gzip:   6.52 kB │ map:    14.16 kB
apps/web/dist/assets/ob-CKBKumZd.js                                13.02 kB │ gzip:   6.74 kB │ map:    14.33 kB
apps/web/dist/assets/sl-BUSjw-SB.js                                13.14 kB │ gzip:   6.88 kB │ map:    14.47 kB
apps/web/dist/assets/nu-B-6UxEKV.js                                13.23 kB │ gzip:   7.42 kB │ map:    14.56 kB
apps/web/dist/assets/ai-DVadgAHK.js                                13.29 kB │ gzip:   7.09 kB │ map:    14.66 kB
apps/web/dist/assets/bas-BqdQZvFS.js                               13.45 kB │ gzip:   7.39 kB │ map:    14.78 kB
apps/web/dist/assets/il-BGI9HCsT.js                                13.72 kB │ gzip:   7.55 kB │ map:    15.06 kB
apps/web/dist/assets/x-CzNWVDxn.js                                 14.16 kB │ gzip:   7.34 kB │ map:    15.66 kB
apps/web/dist/assets/vr-D1XuOws6.js                                14.25 kB │ gzip:   6.95 kB │ map:    15.71 kB
apps/web/dist/assets/ac-DjTmNwMr.js                                14.34 kB │ gzip:   7.67 kB │ map:    15.81 kB
apps/web/dist/assets/ad-CCtboNB_.js                                14.67 kB │ gzip:   8.03 kB │ map:    16.20 kB
apps/web/dist/assets/dol-scP0MEFa.js                               14.90 kB │ gzip:   7.40 kB │ map:    16.34 kB
apps/web/dist/assets/alt-B4vhmYKo.js                               15.03 kB │ gzip:   7.67 kB │ map:    16.54 kB
apps/web/dist/assets/pol-CY91Xk21.js                               15.12 kB │ gzip:   7.81 kB │ map:    16.61 kB
apps/web/dist/assets/kam-DC6Kb6zh.js                               15.19 kB │ gzip:   7.92 kB │ map:    16.68 kB
apps/web/dist/assets/at-D4mJQPkz.js                                15.61 kB │ gzip:   8.50 kB │ map:    17.24 kB
apps/web/dist/assets/ben-DEpby9Ku.js                               15.80 kB │ gzip:   8.19 kB │ map:    17.39 kB
apps/web/dist/assets/bor-DiQopX5y.js                               16.31 kB │ gzip:   8.59 kB │ map:    17.99 kB
apps/web/dist/assets/fl-B2TKg3-Z.js                                16.49 kB │ gzip:   8.39 kB │ map:    18.18 kB
apps/web/dist/assets/don-D6VBbxNy.js                               16.58 kB │ gzip:   8.18 kB │ map:    18.24 kB
apps/web/dist/assets/sk-BOO3057h.js                                16.63 kB │ gzip:   8.67 kB │ map:    18.31 kB
apps/web/dist/assets/sao-DxzmMbd6.js                               16.64 kB │ gzip:   6.74 kB │ map:    18.02 kB
apps/web/dist/assets/sar-Dqx-tLHQ.js                               16.82 kB │ gzip:   9.17 kB │ map:    18.60 kB
apps/web/dist/assets/kal-DB4xfQUx.js                               16.92 kB │ gzip:   9.11 kB │ map:    18.68 kB
apps/web/dist/assets/fi-CYNC5E27.js                                17.86 kB │ gzip:   9.68 kB │ map:    19.67 kB
apps/web/dist/assets/cal-CkklQ69t.js                               17.87 kB │ gzip:   9.02 kB │ map:    19.69 kB
apps/web/dist/assets/con-B0ZkuH8r.js                               17.99 kB │ gzip:   9.07 kB │ map:    19.72 kB
apps/web/dist/assets/os--58UCCeP.js                                18.06 kB │ gzip:   9.66 kB │ map:    19.92 kB
apps/web/dist/assets/dr-DkOe3kg-.js                                18.56 kB │ gzip:   9.65 kB │ map:    20.49 kB
apps/web/dist/assets/can-B2g-jnJp.js                               19.15 kB │ gzip:   9.85 kB │ map:    21.07 kB
apps/web/dist/assets/je-CetS_pR4.js                                19.20 kB │ gzip:   9.91 kB │ map:    21.10 kB
apps/web/dist/assets/ag-u9OJ-bBQ.js                                19.39 kB │ gzip:  10.43 kB │ map:    21.32 kB
apps/web/dist/assets/bay-BSCE2BG4.js                               19.52 kB │ gzip:  10.02 kB │ map:    21.50 kB
apps/web/dist/assets/gl-BboG9zvt.js                                19.98 kB │ gzip:   9.97 kB │ map:    22.04 kB
apps/web/dist/assets/ab-DJtLHxYR.js                                20.10 kB │ gzip:  11.05 kB │ map:    22.17 kB
apps/web/dist/assets/pal-DN5uf72a.js                               20.54 kB │ gzip:  10.63 kB │ map:    22.61 kB
apps/web/dist/assets/mou-DUiKpba1.js                               20.55 kB │ gzip:   9.56 kB │ map:    22.51 kB
apps/web/dist/assets/vo-C3vc5rw8.js                                20.56 kB │ gzip:  10.84 kB │ map:    22.66 kB
apps/web/dist/assets/lan-BgWIjAr0.js                               20.83 kB │ gzip:  10.67 kB │ map:    22.96 kB
apps/web/dist/assets/ol-Cj-TJMJy.js                                20.91 kB │ gzip:  11.23 kB │ map:    23.02 kB
apps/web/dist/assets/au-D5GbD0e1.js                                21.35 kB │ gzip:  10.52 kB │ map:    23.52 kB
apps/web/dist/assets/cu-CFdfm6Ap.js                                21.83 kB │ gzip:  11.64 kB │ map:    24.10 kB
apps/web/dist/assets/mor-CbGAqmJO.js                               22.04 kB │ gzip:  11.60 kB │ map:    24.25 kB
apps/web/dist/assets/har-B2v5kjfq.js                               22.22 kB │ gzip:  11.13 kB │ map:    24.52 kB
apps/web/dist/assets/col-Bj-5VbiX.js                               22.42 kB │ gzip:  11.06 kB │ map:    24.62 kB
apps/web/dist/assets/fe-DyWtPfRj.js                                23.12 kB │ gzip:  12.17 kB │ map:    25.41 kB
apps/web/dist/assets/ban-bz_dedsh.js                               23.14 kB │ gzip:  12.32 kB │ map:    25.50 kB
apps/web/dist/assets/kar-qupWYm2P.js                               23.15 kB │ gzip:  12.16 kB │ map:    25.57 kB
apps/web/dist/assets/por-C1Br6wI1.js                               23.19 kB │ gzip:  11.95 kB │ map:    25.46 kB
apps/web/dist/assets/bea-CQAOKb97.js                               23.22 kB │ gzip:  10.83 kB │ map:    25.45 kB
apps/web/dist/assets/ea-C-Z6EcxY.js                                23.45 kB │ gzip:  11.05 kB │ map:    25.73 kB
apps/web/dist/assets/gi-Bnjy9Bti.js                                23.50 kB │ gzip:  12.10 kB │ map:    25.87 kB
apps/web/dist/assets/ru-CYYlDrPM.js                                23.57 kB │ gzip:  12.80 kB │ map:    26.06 kB
apps/web/dist/assets/che-BYdc0iI1.js                               23.68 kB │ gzip:  11.92 kB │ map:    26.06 kB
apps/web/dist/assets/ju-ki10dg6L.js                                23.74 kB │ gzip:  12.32 kB │ map:    26.01 kB
apps/web/dist/assets/chi-30zbYwBS.js                               24.04 kB │ gzip:  12.78 kB │ map:    26.47 kB
apps/web/dist/assets/sal-Bv9gRzGe.js                               24.42 kB │ gzip:  12.91 kB │ map:    26.86 kB
apps/web/dist/assets/cor-DQ7lmrXr.js                               24.47 kB │ gzip:  12.37 kB │ map:    26.89 kB
apps/web/dist/assets/mal-DItwTITX.js                               24.59 kB │ gzip:  13.13 kB │ map:    27.11 kB
apps/web/dist/assets/wo-CyyehcKN.js                                25.04 kB │ gzip:  11.51 kB │ map:    26.29 kB
apps/web/dist/assets/bal-B70qEpJg.js                               25.24 kB │ gzip:  13.08 kB │ map:    27.82 kB
apps/web/dist/assets/cam-CRI_Vtyb.js                               25.39 kB │ gzip:  12.47 kB │ map:    27.84 kB
apps/web/dist/assets/ber-D6cc6OM_.js                               25.69 kB │ gzip:  13.19 kB │ map:    28.30 kB
apps/web/dist/assets/en-Dh5bCa4Q.js                                25.90 kB │ gzip:  12.99 kB │ map:    28.33 kB
apps/web/dist/assets/sc-hX9ZSevV.js                                26.28 kB │ gzip:  12.85 kB │ map:    28.91 kB
apps/web/dist/assets/bl-BmpkQySQ.js                                27.62 kB │ gzip:  13.65 kB │ map:    30.40 kB
apps/web/dist/assets/es-BnuHwUHD.js                                27.71 kB │ gzip:  14.44 kB │ map:    30.39 kB
apps/web/dist/assets/ti-DIpN22HP.js                                27.93 kB │ gzip:  15.31 kB │ map:    30.84 kB
apps/web/dist/assets/th-bO8VBkv0.js                                27.98 kB │ gzip:  14.53 kB │ map:    30.73 kB
apps/web/dist/assets/bel-B3DU3G_-.js                               28.56 kB │ gzip:  14.42 kB │ map:    31.47 kB
apps/web/dist/assets/hu-hkPKZuBG.js                                28.58 kB │ gzip:  15.04 kB │ map:    31.52 kB
apps/web/dist/assets/as-nt3TY4I6.js                                28.61 kB │ gzip:  15.16 kB │ map:    31.52 kB
apps/web/dist/assets/cl-DdBf2Fvm.js                                28.67 kB │ gzip:  13.54 kB │ map:    31.57 kB
apps/web/dist/assets/kh-BwBAb88Z.js                                29.13 kB │ gzip:  15.39 kB │ map:    32.05 kB
apps/web/dist/assets/or-CUpc7DG4.js                                29.42 kB │ gzip:  15.73 kB │ map:    32.45 kB
apps/web/dist/assets/in-BS2HMe2i.js                                29.42 kB │ gzip:  15.06 kB │ map:    32.23 kB
apps/web/dist/assets/man-Cvzf9GCo.js                               29.65 kB │ gzip:  15.64 kB │ map:    32.68 kB
apps/web/dist/assets/pu-B2y6XMLO.js                                29.73 kB │ gzip:  15.90 kB │ map:    32.66 kB
apps/web/dist/assets/tu-g8K0kp5L.js                                30.24 kB │ gzip:  16.71 kB │ map:    33.41 kB
apps/web/dist/assets/jo-Bwrjp6DT.js                                30.32 kB │ gzip:  15.30 kB │ map:    33.16 kB
apps/web/dist/assets/del-Iw2zs7fq.js                               30.80 kB │ gzip:  15.03 kB │ map:    33.53 kB
apps/web/dist/assets/pl-CetI3wR6.js                                31.69 kB │ gzip:  15.61 kB │ map:    34.83 kB
apps/web/dist/assets/ni-DyJirtLe.js                                31.79 kB │ gzip:  16.81 kB │ map:    34.96 kB
apps/web/dist/assets/za-BTMS4vE4.js                                32.38 kB │ gzip:  17.34 kB │ map:    35.70 kB
apps/web/dist/assets/car-C9PZ5Wsf.js                               32.59 kB │ gzip:  16.02 kB │ map:    35.83 kB
apps/web/dist/assets/kr-BGIDTQhL.js                                32.87 kB │ gzip:  16.06 kB │ map:    36.10 kB
apps/web/dist/assets/ge-Ck0IDwYP.js                                33.59 kB │ gzip:  17.05 kB │ map:    36.90 kB
apps/web/dist/assets/la--B8BA_W6S.js                               33.67 kB │ gzip:  15.97 kB │ map:    36.88 kB
apps/web/dist/assets/lak-B1Cg2zWb.js                               33.73 kB │ gzip:  15.51 kB │ map:    36.99 kB
apps/web/dist/assets/cas-b2wYVS4V.js                               34.19 kB │ gzip:  16.01 kB │ map:    37.39 kB
apps/web/dist/assets/ke-D4Pt9K8c.js                                35.81 kB │ gzip:  18.69 kB │ map:    39.56 kB
apps/web/dist/assets/ku-CcgZKwuk.js                                36.36 kB │ gzip:  19.54 kB │ map:    40.21 kB
apps/web/dist/assets/am-B0S-fAoU.js                                37.76 kB │ gzip:  19.23 kB │ map:    41.47 kB
apps/web/dist/assets/fr-DOflvonu.js                                38.11 kB │ gzip:  18.44 kB │ map:    41.78 kB
apps/web/dist/assets/sp--8ATl3JW.js                                38.17 kB │ gzip:  17.80 kB │ map:    41.83 kB
apps/web/dist/assets/du-CD9For46.js                                38.66 kB │ gzip:  20.21 kB │ map:    42.58 kB
apps/web/dist/assets/lu-BEgP3sZM.js                                38.75 kB │ gzip:  20.71 kB │ map:    42.72 kB
apps/web/dist/assets/wi-vtl2d-Lg.js                                39.69 kB │ gzip:  18.60 kB │ map:    43.75 kB
apps/web/dist/assets/bar-BLycGPPu.js                               39.71 kB │ gzip:  20.40 kB │ map:    43.69 kB
apps/web/dist/assets/mu-ZIqLdBle.js                                40.05 kB │ gzip:  21.59 kB │ map:    44.10 kB
apps/web/dist/assets/gu-JeGwE95v.js                                40.80 kB │ gzip:  21.81 kB │ map:    44.97 kB
apps/web/dist/assets/fo-BG0-_ClU.js                                41.24 kB │ gzip:  20.60 kB │ map:    45.28 kB
apps/web/dist/assets/vil-U4bx7tgv.js                               42.45 kB │ gzip:  20.46 kB │ map:    46.31 kB
apps/web/dist/assets/bi-BJWHoQ0f.js                                42.89 kB │ gzip:  22.83 kB │ map:    47.32 kB
apps/web/dist/assets/re-B_FS_HvR.js                                43.81 kB │ gzip:  22.87 kB │ map:    48.23 kB
apps/web/dist/assets/ce-bFhsJL-t.js                                43.83 kB │ gzip:  22.01 kB │ map:    48.09 kB
apps/web/dist/assets/te-DS0UlMqs.js                                44.26 kB │ gzip:  23.51 kB │ map:    48.72 kB
apps/web/dist/assets/ja-Cjvhz76o.js                                44.31 kB │ gzip:  23.10 kB │ map:    48.75 kB
apps/web/dist/assets/q-BH4JTvEr.js                                 44.77 kB │ gzip:  23.54 kB │ map:    49.17 kB
apps/web/dist/assets/fa-DItUFXil.js                                44.79 kB │ gzip:  22.88 kB │ map:    49.30 kB
apps/web/dist/assets/sant-BLi9CXyt.js                              45.93 kB │ gzip:  20.53 kB │ map:    49.86 kB
apps/web/dist/assets/tr-CchWQrZI.js                                46.37 kB │ gzip:  24.04 kB │ map:    51.03 kB
apps/web/dist/assets/el-t1V8D5RY.js                                47.14 kB │ gzip:  23.51 kB │ map:    49.44 kB
apps/web/dist/assets/mon-D-oA6H88.js                               47.58 kB │ gzip:  22.85 kB │ map:    52.13 kB
apps/web/dist/assets/ki-BzAhb2BJ.js                                47.79 kB │ gzip:  24.61 kB │ map:    52.75 kB
apps/web/dist/assets/cr-B3fW1xeX.js                                50.14 kB │ gzip:  24.16 kB │ map:    55.01 kB
apps/web/dist/assets/di-B2JvQ6bt.js                                51.17 kB │ gzip:  25.00 kB │ map:    53.51 kB
apps/web/dist/assets/hi-BlYzT18G.js                                51.77 kB │ gzip:  24.74 kB │ map:    56.85 kB
apps/web/dist/assets/san--BLRu_MNF.js                              53.19 kB │ gzip:  23.19 kB │ map:    57.83 kB
apps/web/dist/assets/par-BfCQNsCH.js                               54.66 kB │ gzip:  26.11 kB │ map:    59.95 kB
apps/web/dist/assets/ci-DCZYI693.js                                55.10 kB │ gzip:  27.20 kB │ map:    60.38 kB
apps/web/dist/assets/we-DZvixjR2.js                                56.12 kB │ gzip:  26.42 kB │ map:    61.71 kB
apps/web/dist/assets/cha-7lvp9jDG.js                               56.13 kB │ gzip:  26.50 kB │ map:    58.76 kB
apps/web/dist/assets/si-C2Sn2zUZ.js                                56.70 kB │ gzip:  29.08 kB │ map:    59.48 kB
apps/web/dist/assets/pi-BqLw4wdV.js                                58.93 kB │ gzip:  29.91 kB │ map:    64.73 kB
apps/web/dist/assets/li-DTI_9PAR.js                                58.97 kB │ gzip:  28.95 kB │ map:    61.86 kB
apps/web/dist/assets/gazetteerShards.gen-Y4gotdSX.js               59.10 kB │ gzip:  12.85 kB │ map:    74.83 kB
apps/web/dist/assets/ve-Dt-s74-t.js                                59.44 kB │ gzip:  29.93 kB │ map:    65.24 kB
apps/web/dist/assets/ri-B5PippOT.js                                60.64 kB │ gzip:  30.06 kB │ map:    66.52 kB
apps/web/dist/assets/to-D-e5JFgf.js                                60.95 kB │ gzip:  30.94 kB │ map:    63.90 kB
apps/web/dist/assets/wa-DwaLuubh.js                                61.37 kB │ gzip:  28.55 kB │ map:    64.43 kB
apps/web/dist/assets/ga-BzP2eDYg.js                                61.67 kB │ gzip:  32.18 kB │ map:    67.90 kB
apps/web/dist/assets/da-BGiM8jl_.js                                63.04 kB │ gzip:  33.39 kB │ map:    69.31 kB
apps/web/dist/assets/he-Cip5RXsJ.js                                63.10 kB │ gzip:  29.43 kB │ map:    66.10 kB
apps/web/dist/assets/ho-BGlYPJbQ.js                                63.40 kB │ gzip:  32.34 kB │ map:    69.86 kB
apps/web/dist/assets/ar-BeLMr13r.js                                64.39 kB │ gzip:  33.41 kB │ map:    70.95 kB
apps/web/dist/assets/sh-DhRhESXi.js                                64.62 kB │ gzip:  32.69 kB │ map:    71.07 kB
apps/web/dist/assets/ne-tAohaIvp.js                                64.84 kB │ gzip:  32.45 kB │ map:    71.29 kB
apps/web/dist/assets/na-DDp8v177.js                                65.77 kB │ gzip:  35.36 kB │ map:    72.34 kB
apps/web/dist/assets/bu-CKOcXyxu.js                                65.96 kB │ gzip:  32.63 kB │ map:    69.25 kB
apps/web/dist/assets/ra-C7xg5y3B.js                                66.45 kB │ gzip:  34.93 kB │ map:    73.23 kB
apps/web/dist/assets/an-BXvksJei.js                                66.69 kB │ gzip:  33.89 kB │ map:    73.11 kB
apps/web/dist/assets/u-cHGF4Oai.js                                 67.73 kB │ gzip:  36.23 kB │ map:    74.73 kB
apps/web/dist/assets/sai-bI3PUZd-.js                               67.90 kB │ gzip:  28.45 kB │ map:    73.68 kB
apps/web/dist/assets/meta-BtdlGL-b.js                              68.03 kB │ gzip:  29.68 kB │ map:    88.02 kB
apps/web/dist/assets/go-B8nW2JXQ.js                                68.09 kB │ gzip:  34.79 kB │ map:    74.84 kB
apps/web/dist/assets/pe-Dq0mowm5.js                                69.19 kB │ gzip:  35.38 kB │ map:    76.04 kB
apps/web/dist/assets/lo-CR_oydRA.js                                70.00 kB │ gzip:  34.64 kB │ map:    73.35 kB
apps/web/dist/assets/so-D6TqcDSG.js                                71.39 kB │ gzip:  36.64 kB │ map:    78.43 kB
apps/web/dist/assets/me-D6d6HU1_.js                                71.49 kB │ gzip:  36.85 kB │ map:    78.70 kB
apps/web/dist/assets/ko-DoX_FyDx.js                                71.85 kB │ gzip:  37.87 kB │ map:    79.29 kB
apps/web/dist/assets/ta-CFQfO53a.js                                73.89 kB │ gzip:  39.94 kB │ map:    81.48 kB
apps/web/dist/assets/pr-ByALEYxy.js                                74.44 kB │ gzip:  35.14 kB │ map:    81.32 kB
apps/web/dist/assets/mar-Cg4CDtdg.js                               75.40 kB │ gzip:  37.01 kB │ map:    82.59 kB
apps/web/dist/assets/y-Cvh46Q1K.js                                 76.39 kB │ gzip:  40.08 kB │ map:    84.11 kB
apps/web/dist/assets/se-CtWA3dC1.js                                77.77 kB │ gzip:  39.90 kB │ map:    85.43 kB
apps/web/dist/assets/su-BA71tNl1.js                                83.45 kB │ gzip:  41.08 kB │ map:    91.39 kB
apps/web/dist/assets/no-D_CugLxp.js                                86.18 kB │ gzip:  41.26 kB │ map:    90.14 kB
apps/web/dist/assets/gr-Cdv6jOFS.js                                86.54 kB │ gzip:  41.82 kB │ map:    95.03 kB
apps/web/dist/assets/mi-DX7bLVOo.js                                87.72 kB │ gzip:  42.15 kB │ map:    91.89 kB
apps/web/dist/assets/va-DIIGZBjN.js                                87.86 kB │ gzip:  42.11 kB │ map:    91.97 kB
apps/web/dist/assets/st-DiYlyaiC.js                                87.99 kB │ gzip:  41.64 kB │ map:    92.14 kB
apps/web/dist/assets/br-cUCUtv9v.js                                90.27 kB │ gzip:  43.58 kB │ map:    99.25 kB
apps/web/dist/assets/le-BRCPAStR.js                                90.34 kB │ gzip:  44.59 kB │ map:    99.12 kB
apps/web/dist/assets/ro-sNlNu9er.js                                90.62 kB │ gzip:  43.45 kB │ map:    94.94 kB
apps/web/dist/assets/is-bsbj6-Wl.js                                94.09 kB │ gzip:  43.44 kB │ map:    98.20 kB
apps/web/dist/assets/index-B1mlOq2B.js                          1,088.70 kB │ gzip: 352.22 kB │ map: 3,449.39 kB

✓ built in 5.32s
[plugin builtin:vite-reporter] 
(!) Some chunks are larger than 500 kB after minification. Consider:
- Using dynamic import() to code-split the application
- Use build.rolldownOptions.output.codeSplitting to improve chunking: https://rolldown.rs/reference/OutputOptions.codeSplitting
- Adjust chunk size limit for this warning via build.chunkSizeWarningLimit.
[PLUGIN_TIMINGS] Your build spent 34% of 5.3s inside plugin hooks (1.8s).
Not measurable — 1 hook whose calls overlap, so elapsed time covers work other calls were doing. Profile with `node --cpu-prof`:
  - vite:css transform (3 calls)
See https://rolldown.rs/reference/InputOptions.checks#plugintimings for more details.

